id,id_cl,given_original_label,mturk_positive,mturk_negative,mturk_neutral,mturk_off_topic
AV34T62Q0AOQY-0060010800-1114387200,22360,Positive,4,0,1,0
A122GFTJ7K07D8-0060516402-947548800,38306,Positive,4,0,0,1
A21LN64NPTIIDH-0060570091-1360108800,46831,Positive,3,0,2,0
A2QWPIGEXDSV9Y-0060599804-1378512000,51608,Neutral,4,0,0,1
A2WCZZ304SM5HC-0060742690-1184889600,58198,Neutral,3,0,2,0
A1J45AEI84745H-0060792167-1155427200,64497,Negative,0,5,0,0
A38LSNKIMTTVQI-0060890681-1389398400,73863,Neutral,0,1,4,0
A2WBF5VAULN717-0060972882-1097539200,82748,Negative,0,5,0,0
A1Q85UQZ94JQWB-0060988606-1205712000,84578,Neutral,3,1,1,0
A2E5L7VBXR77LQ-006113127X-1326585600,92270,Neutral,2,0,3,0
ALD7S85Q3OTU9-006113922X-1217548800,93409,Neutral,5,0,0,0
AAVKU4DFGY3MI-0061246506-1324166400,100467,Neutral,0,5,0,0
AM5S8E5BK0HSN-0061374059-1375747200,104161,Neutral,4,0,1,0
AACEZE2YPTJ5D-0061451916-1202169600,107079,Neutral,1,1,3,0
A3GYIK4I0K3FRP-0061724491-1251331200,117824,Neutral,5,0,0,0
A10EH95EUDO9W3-0062051989-1335916800,142177,Neutral,0,3,2,0
A2VO8EEM6365K1-0062110837-1391558400,152073,Neutral,5,0,0,0
A2QLPNGY360UV8-0062213652-1365811200,159169,Neutral,2,2,1,0
A1TY4TRLA4QK5Y-0062310070-1395360000,167801,Neutral,0,3,2,0
A8CWULT8KCL1Q-0062503731-1352160000,169293,Neutral,0,1,4,0
A10OKWU4B8C7OO-0064434508-1344816000,173451,Negative,0,5,0,0
A3QRMG1N7JC7I-007148664X-1271030400,183005,Positive,2,0,3,0
A20H8UCYEZVGSR-0071772650-1390262400,186929,Neutral,4,0,1,0
A28MS9XCKDZYXL-0071789111-1386201600,187372,Positive,5,0,0,0
A10VK6TZYE5EDP-0099743612-891561600,201728,Neutral,5,0,0,0
A1CPEWUULW5CXJ-0131002872-1101945600,204613,Negative,0,4,0,1
A1CPJEZRLVKJOS-014014739X-1358035200,216895,Neutral,3,0,2,0
A4PZUDHG8VLKG-0140167773-1388534400,217917,Neutral,0,5,0,0
A2Y17QH5DV1GEM-0140179836-1283126400,219015,Negative,0,5,0,0
A2E759W2T4PMHG-0140269754-1117497600,224067,Neutral,4,0,1,0
A22ZL73VVI6OY8-0140296271-1109030400,227503,Negative,0,4,0,1
A39Y7M0ROXJI9U-0140390057-1380067200,229750,Neutral,5,0,0,0
A7DZPDLRSAM7B-014050768X-1332547200,236242,Positive,5,0,0,0
A2RFPRUJW53JQH-0141439602-1304294400,250366,Neutral,0,0,5,0
A3LI8WOLDWYHF-0142001163-1190592000,252638,Neutral,5,0,0,0
A2MF2QVSCUI27G-0143036106-1108512000,267413,Neutral,5,0,0,0
A17AAJUPR220FY-0151008116-1362009600,290144,Positive,5,0,0,0
AL8N4KTOB47AO-0192838113-1333497600,304086,Neutral,5,0,0,0
A15W7TJDRXW1LI-0192854062-1362873600,304609,Neutral,2,1,2,0
A3NBL1TI2M3CW1-019965817X-1371600000,315010,Neutral,4,0,0,1
A2EC4HCNHLZ5FU-0201707101-1059091200,318857,Positive,2,0,3,0
A2LD08KQDIXFD5-0205028063-1345593600,319896,Neutral,4,0,1,0
A2PEVP36Y5A2EQ-0226763749-1264723200,323945,Neutral,5,0,0,0
A2JLSHTST2SP1I-0230108539-1307318400,324762,Neutral,5,0,0,0
A7EELWVB03VWH-0246130474-1127174400,330861,Neutral,3,0,2,0
A187Z559JJ1TME-0261103288-1357344000,332319,Positive,5,0,0,0
A1K6UL5HTMLJ1X-0297852752-1397433600,336339,Neutral,0,5,0,0
A231K716D7POU3-0307263118-1144108800,347103,Neutral,1,1,3,0
AN3D3M8MJ07BQ-030726646X-1233360000,350462,Neutral,4,0,0,1
A1QGWT5ERDNDNU-0307387992-1114128000,369735,Neutral,1,0,2,2
A1L9E4OA926W9B-030758786X-1324339200,382605,Positive,5,0,0,0
A3CMP2HWSWQDA2-0307715159-1301788800,389570,Negative,0,5,0,0
A1I6U5AQAT3ZG9-0307887804-1340841600,398532,Neutral,3,0,2,0
A2RNU309YXG79C-0307932508-1322524800,401653,Negative,0,5,0,0
A3OGMFKY7XL5PH-0307946622-1165968000,403500,Neutral,5,0,0,0
A1C7G6FO0XSW3P-0310246547-1124064000,413509,Neutral,4,0,1,0
A1TZWECB1JZLKY-0310276446-1302912000,416874,Neutral,5,0,0,0
A50EGYZY7RHGI-0312010443-1376956800,428217,Neutral,1,0,4,0
A291TYAN4XBSBG-0312169787-1110412800,431385,Negative,1,0,4,0
A2VIBW6JFZ10MQ-0312368461-1245801600,455797,Neutral,0,4,1,0
AYD58YOI7MVQ1-0312439717-1173312000,467321,Positive,0,3,2,0
A3AWV00ZU7MSK1-0312570600-1299024000,473155,Negative,0,3,2,0
A1V4CMDFHTWST5-0312984170-1124928000,496577,Negative,0,5,0,0
A3JSAGWSLY5044-0316012793-1371254400,501044,Neutral,0,5,0,0
A38KBZE2LO789C-0316014303-1268870400,501784,Negative,0,5,0,0
A8IGAU0EBU9AB-0316014508-1218067200,501897,Negative,0,5,0,0
A2XOHX6I7YITFH-0316044695-1338422400,508278,Neutral,4,0,1,0
A1KBPEIL5PFTZJ-0316055433-1403136000,509523,Negative,0,5,0,0
A2XN8Q1EXMUB8V-0316185906-1336608000,524392,Neutral,0,5,0,0
A3SXUSUDSXM2BN-0316346624-1245974400,532285,Neutral,1,0,4,0
A3P0AOAF07PMDE-0316778001-1134518400,536893,Neutral,2,2,1,0
A2CNCBC45YK5K7-0321678737-1260748800,544448,Neutral,5,0,0,0
A3SMLFL864A10S-0345024850-1368489600,556838,Neutral,4,0,1,0
AOHBPJI6VVSUB-0345496698-1208822400,586780,Neutral,0,0,5,0
A3RBRFFNAB2UWC-034553199X-1085356800,598813,Neutral,0,5,0,0
AN5ZIDD30C6I3-0345803485-1343260800,605949,Negative,0,3,0,2
A37E6RW5BUX4U0-0373605161-1233014400,620787,Negative,0,5,0,0
A24VE1R9CZ2PIM-0373802927-1235001600,630399,Neutral,1,0,4,0
ATYM1F4AUAATM-0374264260-1353715200,639804,Positive,1,1,3,0
A1IOJE0W1NXOSE-0380820994-993600000,688533,Neutral,0,2,3,0
A3FC30O49FZI8F-038534273X-1261872000,702140,Neutral,0,4,1,0
A371AP43OX0K4V-0385343248-1306540800,702478,Positive,2,0,3,0
A1VU60VUNEZ0O5-0385349947-1392336000,705745,Negative,0,1,0,4
A2JZOF7YB5TGUM-0385479670-1369180800,709299,Positive,2,1,2,0
A204G7E13UW2B0-0385508719-1187395200,714929,Neutral,4,1,0,0
A1MD4S40VGRDK4-038551705X-1293753600,717817,Negative,0,5,0,0
A2LW5BLKO8JZI7-0385618506-1375056000,724141,Negative,0,5,0,0
A1NDDD5NCEXU0Q-0394703901-1233446400,749921,Positive,4,0,1,0
A1P0SOQ4G0OGVW-0399149155-1091836800,763669,Negative,0,4,1,0
A1PD9TPNF9WR5E-0399532919-1235865600,783289,Negative,0,5,0,0
A3H8NJ5PJNLFD5-0425199185-1098662400,793684,Neutral,2,0,3,0
A1U2C7A007SHLG-0425223302-1261008000,800486,Neutral,0,3,2,0
A8V5OORZRTRA0-0425256189-1331424000,813843,Neutral,1,0,4,0
A35BIVQQSG4P51-0439023483-1285372800,823344,Negative,0,2,3,0
AU1Q9P7QNL2XW-0439023513-1330473600,823982,Negative,0,4,1,0
A2NQRYOU9HYE6S-0440212812-1187740800,835045,Negative,0,5,0,0
A29BJRGA3VZEIV-0440505658-1125360000,839947,Neutral,3,1,1,0
ABLGHWF64J1GC-0441799779-998784000,847947,Neutral,1,0,4,0
A2BZCHIDR5FTYA-0446618918-1205366400,875125,Neutral,1,1,3,0
A7BMU8ZJJ77I0-0451134168-1350086400,885593,Neutral,0,1,4,0
A16W9E27VW9IND-0451180410-1014854400,888044,Neutral,0,4,1,0
AQCUCRS6P6RFD-0452269652-1338940800,922098,Neutral,0,4,1,0
A39NOBWDOZYIU7-0452281091-1221177600,923708,Negative,0,5,0,0
AV76A6PZK0OQL-0452285216-1077235200,925261,Negative,0,4,0,1
AQXPKNMTVJQNJ-0470627603-1377561600,952856,Negative,2,0,1,2
A1QNYLBG73QRNF-0486202712-1358899200,964538,Neutral,2,0,3,0
A2FET0EDC1XIJE-0486233626-1313539200,965595,Neutral,0,5,0,0
A3S5VF8OGCVRWQ-0486242617-1392508800,966023,Negative,5,0,0,0
A25AF2BI2P5B14-0486448320-1233014400,971593,Positive,4,0,1,0
A37EQW3A3VFL3M-0515118370-1357257600,978888,Neutral,5,0,0,0
A28T3JZ5215DBA-0515133418-1022112000,980051,Neutral,4,0,1,0
A2XI7RZUGXQ36-0544105508-1391558400,998669,Neutral,1,0,4,0
A10IRQ0NC2D6ZU-0553385151-1257379200,1029510,Neutral,5,0,0,0
A6A3JB1GAAD3M-0553589601-1226707200,1037385,Negative,0,5,0,0
A2CR57GAJKNWVV-0553805193-1211846400,1040095,Neutral,4,0,1,0
A317YD3C1B79LP-0557348153-1325462400,1042492,Positive,5,0,0,0
A3VFF9PB2C3HQV-0575088885-1351555200,1046305,Negative,0,5,0,0
AVGLQC34ZA64Q-0575097566-1372291200,1046459,Positive,1,1,2,1
A3Q12RK71N74LB-0595344550-1117065600,1054415,Negative,0,5,0,0
A3FUYLJSF3ZUDM-0596008813-1116374400,1059511,Positive,5,0,0,0
AN9V8V55T4SMI-0615457800-1395964800,1077369,Negative,0,5,0,0
A2LXMSH3F9WMZL-061600138X-1403913600,1117706,Neutral,5,0,0,0
A12AN7TOF9TCG8-0618152849-1062115200,1118839,Neutral,5,0,0,0
AMYPP2IQ1VGBN-0671042386-978393600,1141334,Neutral,0,5,0,0
A1FWEU37YJBORI-0671315285-1203120000,1142849,Negative,0,5,0,0
A321J5INI8AAAL-0671693808-1234569600,1149946,Neutral,0,5,0,0
A1YKFFAJ74HXOA-0671732188-1296345600,1151533,Neutral,0,5,0,0
A1IO3LVYV5ZMK8-0671786539-1046390400,1154019,Neutral,5,0,0,0
A21NVBFIEQWDSG-0679406832-1116288000,1161784,Neutral,5,0,0,0
A1FRNJOCIPR9UZ-0679450149-958089600,1164300,Neutral,5,0,0,0
A1KKSZCWTDPMGJ-0679728740-1171670400,1168254,Positive,5,0,0,0
A3MJG170M1UGB0-0679757953-1209772800,1171189,Neutral,0,1,4,0
A3QYS5PADGU65U-0684832127-1278806400,1179254,Neutral,4,1,0,0
APCBDU5EHNCF7-0687085853-1389052800,1186113,Neutral,4,0,0,1
APM05YFAXH7VO-0691089779-1379116800,1196372,Positive,4,0,0,1
A2G8D3KK60885B-0727864297-1180137600,1208232,Negative,0,5,0,0
AMZXEUI9MMPUE-0739322974-1323216000,1231981,Negative,0,5,0,0
A114YQ7ZT9Y1W5-0743235266-1281916800,1249752,Neutral,5,0,0,0
A2R4XG0L7Z01V8-0743418727-1159660800,1265878,Neutral,3,0,2,0
A2062FPGYJ6IQM-0743435338-1068508800,1266529,Neutral,3,0,2,0
A28JIARB2LMYCF-0743484835-1085961600,1271557,Negative,0,4,0,1
A2GLJFF8A0NBR1-0749080973-1303171200,1282531,Neutral,0,5,0,0
ASC7N8KDZYV1F-075969401X-1056240000,1308225,Neutral,4,0,1,0
A2QRVZ26OQU18-0764202685-1355961600,1337827,Neutral,5,0,0,0
AAXHO2OS16WH8-0764221760-963273600,1343814,Neutral,5,0,0,0
A3HVQ5P2ACJ2ZX-0764227009-1383350400,1344517,Negative,0,5,0,0
A27T3XFJDRDF17-0764227645-1331683200,1344592,Positive,2,0,3,0
AKBCHFWSF1Y96-0764506382-1192147200,1347175,Negative,2,0,3,0
A1MJMYLRTZ76ZX-0764542087-1223510400,1348226,Neutral,4,0,1,0
A912QKZ7UYI8L-0765319853-1293840000,1358708,Neutral,3,0,2,0
A3G5Y1G6YFNY3F-076532153X-1354665600,1359229,Negative,0,5,0,0
A7PB2B0JOCT75-0767916883-1227916800,1378971,Negative,0,5,0,0
A2PG9QWZ9IQ8O4-0778802272-1398816000,1396461,Neutral,0,4,1,0
A3DM6UGX44NJ9K-078311611X-1054166400,1409107,Neutral,2,0,3,0
A281Q9MRZEWSOG-0783211856-1079049600,1409803,Neutral,1,2,2,0
A2O18QGAW5OKYI-0784017883-923875200,1421701,Negative,0,5,0,0
A9WXHV15BK7W-0785263799-1181952000,1429659,Negative,0,5,0,0
A2Y4H42ZL675PJ-0785289739-1178928000,1431160,Neutral,0,5,0,0
A29FQHQUJ5KLZQ-0786183616-1093996800,1436460,Neutral,0,2,0,3
A220FJEQNGMSRN-079073608X-1204675200,1467041,Neutral,3,0,2,0
A1166FE81ADOUR-0792109309-1154476800,1474328,Neutral,4,0,1,0
A1IRBYOY6E72NT-0792839242-1053216000,1481994,Neutral,5,0,0,0
A18C1PCR8WUAST-079394144X-1110844800,1490805,Neutral,2,0,3,0
ATME9LDNU79JZ-0802120075-1332979200,1510296,Negative,1,1,1,2
A1QCM6LQQ5XXM4-0804116962-944006400,1527943,Neutral,0,0,4,1
A5I96IVLHDY5P-0804809186-1108080000,1531046,Positive,5,0,0,0
A2HXRE4BT49WCC-080501540X-1143676800,1532693,Negative,0,5,0,0
ATZXQZ78CWK0K-0805059857-1382400000,1533841,Positive,1,0,0,4
A2FZC65GY3BIIF-0805094369-1329609600,1540349,Negative,0,4,0,1
A39I3SI63L1W8T-0805470859-1281744000,1544708,Positive,0,1,3,1
A383HJJ5DY9Z2X-0812976207-1332633600,1574110,Neutral,0,5,0,0
ASXI58X6SCPKD-0821758446-1237334400,1587323,Negative,0,5,0,0
A1PCMAEHRL81Y1-0834800799-1265673600,1607037,Neutral,4,0,1,0
A38NGTIGBOFEBO-0849918901-1368144000,1624220,Neutral,5,0,0,0
A2495JME4FGWAI-0849940702-1368489600,1625977,Positive,0,1,4,0
AM86HURUEU0WP-0882708627-1369353600,1665312,Negative,0,3,1,1
A3D4NZO194DC5C-0883856026-1092960000,1667593,Neutral,1,0,4,0
A24JZEMAI5A7RV-0895260034-1276473600,1680542,Negative,0,4,1,0
A36CUR0YM37NGP-0895260743-1081123200,1681388,Negative,0,0,2,3
A3LS6OJMQ9ME6K-0898797713-970444800,1690567,Positive,3,0,0,2
A32KPKPTN5WAYL-0919345174-1119052800,1701642,Positive,5,0,0,0
A3UPYGJKZ0XTU4-0936262508-1100304000,1710678,Neutral,0,1,4,0
AVN9HUGR44ABH-0962143618-1246838400,1729053,Positive,3,0,0,2
A33UDDOH82EROT-0970169914-998006400,1749336,Negative,0,4,1,0
A7ISKFONEYN12-0971880107-1299369600,1756580,Negative,0,5,0,0
A2SX4FI5IBQ7P9-0972282416-1376956800,1758843,Neutral,0,2,3,0
A3PU7GSO0QTH4Y-0976142503-1364860800,1772514,Neutral,0,5,0,0
A1N1PW5YUZK0YF-0979963117-1320796800,1794461,Neutral,0,1,4,0
A2OW9Z3I9FMGCZ-0980021308-1201737600,1795322,Negative,0,5,0,0
A32DHQZSO97CZF-0981970907-1336262400,1803119,Neutral,0,0,1,4
A34337EMJYTNEV-098200270X-1356912000,1803731,Neutral,5,0,0,0
A1GU42AAF5JMAQ-0983070814-1367539200,1818645,Negative,0,5,0,0
AYIPHN7Q2TBM3-0983429707-1396483200,1822596,Neutral,0,0,1,4
A2A30Y7JAHD3E4-0984020802-1331683200,1832813,Neutral,5,0,0,0
A2L5WAZVU1ROO2-0984295135-1317254400,1835607,Negative,0,5,0,0
A2FXMSOD0PQFPU-0984723528-1394496000,1841914,Neutral,0,0,5,0
AJ7YIVGVYBZBP-0988270757-1348876800,1870283,Neutral,5,0,0,0
A14B2NR2XELLQ0-1400034183-1091491200,1930281,Neutral,0,0,1,4
A1FECIZ0Y6N1GN-1401303366-1368489600,1952019,Neutral,4,0,1,0
A3MRMMNKXIRBQ3-1401906958-1255651200,1960147,Neutral,0,5,0,0
A2MEN1846UWS45-1416586873-1295049600,2011407,Neutral,0,4,1,0
A1E9HUHTJ91EPX-1416986898-1318896000,2019533,Negative,0,4,1,0
A1IL6W1NK05UW9-1419654624-1230854400,2024053,Negative,0,5,0,0
A2PWBQV4IL9Y8U-1420104438-1268697600,2030650,Negative,0,5,0,0
A15BN3Y10WLC2Q-142593482X-1364428800,2043228,Neutral,0,3,2,0
A3UW23DBF2KHWC-1439136637-1396569600,2068109,Neutral,5,0,0,0
A2OH362FOR77KY-1439166099-1252540800,2071392,Neutral,0,5,0,0
A3TZT1Y5EX4TA7-1439177171-1255651200,2073484,Negative,0,5,0,0
A1UXO9GY5MG1IF-1441400877-1363564800,2087368,Neutral,5,0,0,0
A1U25Y58PB6EEQ-144183009X-1274227200,2089038,Negative,0,5,0,0
A2480I33REUMNH-1442367547-1396396800,2096525,Positive,5,0,0,0
A3LHJVYU0XOHZ-1442421762-1317168000,2099735,Neutral,2,0,3,0
A3I2URZFEACANS-1444727338-1405296000,2102698,Positive,5,0,0,0
A1YDT0RHVSMJRR-1448659833-1334361600,2105011,Neutral,5,0,0,0
A2YMI04VM7BX8D-1452857237-1297555200,2134795,Negative,0,4,1,0
A1DL4CWZNPJQCY-1455504734-1397347200,2146521,Neutral,0,5,0,0
A3FHG3J72U7LCF-1455508306-1362268800,2146806,Neutral,5,0,0,0
A9JRXM1FOMKD-1461175496-1327622400,2170338,Neutral,5,0,0,0
A21YYDTDDCSCX8-1463410417-1335398400,2172198,Neutral,5,0,0,0
A36WGHR8TO5DKT-1468067230-1333756800,2194864,Neutral,0,0,0,5
A2TMBZCOLMGHFY-1469218208-1371513600,2200128,Positive,3,0,2,0
A3KU8DK409B0EM-1469905833-1364774400,2202128,Positive,5,0,0,0
A2M9VFEY21PXWT-1475039573-1336003200,2216047,Negative,0,5,0,0
A1OVQXYRN89D9G-1477663096-1391212800,2245216,Positive,5,0,0,0
A1PUF3XYMX9EW8-1481158643-1388620800,2294221,Neutral,3,0,2,0
AKBB1CD18RLZ9-1481876449-1402876800,2300878,Positive,3,0,2,0
A1E9DAKE9AFGAN-1482772973-1392854400,2320967,Neutral,0,0,5,0
A2GFDPSAW7IK0U-1484043596-1370649600,2327350,Negative,1,4,0,0
AONGEEDNS14F5-1484095618-1395619200,2329541,Neutral,1,0,4,0
AOZ2J3F9TO55C-1490406379-1399507200,2345607,Neutral,0,5,0,0
A8LT66GHJAOQY-1551665492-1055376000,2424221,Neutral,2,0,3,0
ATSFITUD7UEBZ-1557257329-1349049600,2433507,Neutral,4,0,1,0
ABN5K7K1TM1QA-156589166X-1033689600,2462609,Neutral,0,3,2,0
A3UZ3WQO1TQ99W-1568989970-1316649600,2471238,Neutral,0,3,1,1
A1X4VNHYWGYHUW-1569494126-1125273600,2474719,Positive,5,0,0,0
A2FAS9WOXM5BBC-1569756724-1340928000,2476374,Neutral,1,1,3,0
A2X8SXOK3MD24P-1570629595-1056499200,2480098,Neutral,0,3,2,0
A1GOM2VGHJ91J3-157174469X-1249776000,2485569,Neutral,1,0,4,0
AGD58A0UB0CL6-1572228393-1315353600,2486827,Negative,0,5,0,0
A6LZATIDURIO9-1572243899-1381363200,2487746,Neutral,0,3,2,0
A103U0Q3IKSXHE-1573220787-948153600,2493065,Neutral,4,0,0,1
A1CNQTCRQ35IMM-1575668696-1174780800,2504145,Positive,3,0,2,0
A1LK1FG8OFB29G-1578989353-1344816000,2515283,Negative,0,5,0,0
A1Z16JBQYJMWLW-1579654762-1366588800,2519069,Neutral,4,0,1,0
A2IOCM0P45G1ER-1583334408-1366243200,2543436,Neutral,0,5,0,0
A2IOHW8Q96WD6I-1591795540-1197417600,2582972,Neutral,3,0,1,1
AGD4ASQMPT5V8-1592576745-1211155200,2597691,Neutral,0,3,2,0
A30JPZ9TZ7I61U-1594205051-1351296000,2611558,Positive,5,0,0,0
A16VMHZ8RNWI2J-1597750328-1223337600,2643456,Neutral,2,1,2,0
A1BZFCTRQ08LWP-160037493X-1326844800,2657594,Neutral,0,5,0,0
A2UYV5LMOKXLA2-1600591965-1275264000,2659012,Positive,0,3,2,0
AI7AP0BNO2W80-1600852513-1311379200,2662654,Neutral,0,2,3,0
A320TMDV6KCFU-1602020973-1213488000,2670787,Positive,4,0,1,0
A1CNQTCRQ35IMM-1605043265-1259798400,2684926,Neutral,3,0,2,0
A2HWBE6FRZPGOX-1607140551-1240704000,2695272,Neutral,3,1,1,0
A3UZDVWFQTEI03-1610340361-1335571200,2710272,Neutral,4,0,1,0
A2Y8W0XZZ4GSU3-1611099285-1368662400,2713277,Positive,5,0,0,0
A1803CTBRVA5S9-1612383580-1366848000,2726468,Neutral,2,0,3,0
A3KLGF74NCV3P1-1618452576-1394582400,2744980,Neutral,5,0,0,0
A3L50GTF2FRT0G-1632470004-1402272000,2768105,Neutral,2,0,1,2
A1ER5AYS3FQ9O3-1849058288-1329350400,2785480,Neutral,1,0,4,0
A1ZQHZBGQHUNPY-1853673684-1023580800,2787818,Neutral,2,1,2,0
AIBH8H458VY2U-188140532X-1194912000,2797447,Neutral,0,3,1,1
A16S8VK86RB16E-1885003382-1121212800,2801834,Negative,0,4,0,1
AVZ1XY2JHV50A-1889562025-1402531200,2809786,Neutral,0,3,2,0
A14HFIYSNZ4VZC-1890931764-1331251200,2812834,Neutral,1,1,3,0
A1X84SI3JROQME-1899171975-1151798400,2822085,Positive,5,0,0,0
A1UET7WJ429IOV-1932595260-1339632000,2847189,Neutral,0,4,0,1
AC5FRIAYAB7PM-1932690034-1185580800,2847769,Neutral,2,0,3,0
A3JHTNM5OHLWJ9-1933916281-1367366400,2860361,Neutral,0,4,1,0
AGO0WGDFMZL8Z-1935670913-1329004800,2874828,Neutral,0,3,2,0
A1LCBZ4IYRE0US-1936283026-1344211200,2879374,Positive,4,0,0,1
A16RJ76W8OPAR0-1936564335-1349827200,2883716,Neutral,4,0,1,0
A1NOFN560OIET4-1938067347-1396137600,2898229,Negative,0,4,1,0
A2IFSBRQ5AX9ME-1940716020-1396396800,2915515,Neutral,3,1,1,0
AGZVS6M8XJGN6-6301720539-1168646400,2951649,Neutral,3,0,2,0
A1IH0F8NJIL8E3-6302219205-1402358400,2968426,Negative,0,3,0,2
APCL66DSYGL9U-6302241111-1265241600,2969005,Positive,2,0,3,0
A3DCI37LRQP31Q-6302439566-1047081600,2973188,Neutral,5,0,0,0
A2GU1Z1HS3GR19-6303195644-1379462400,2996001,Negative,0,5,0,0
A3DCI37LRQP31Q-630366704X-1046995200,3006151,Neutral,5,0,0,0
A3RNP5X8ZGZIEI-6304645635-1221091200,3026187,Neutral,0,3,2,0
A1Y8X2OLDJZKZC-6305076731-1359244800,3033108,Negative,0,4,1,0
A8F2AZWB20X1H-6305892806-1038960000,3047371,Neutral,0,4,1,0
A2BTYX4QNN3S20-B00000063X-1086825600,3062784,Positive,5,0,0,0
A1NI7TYYPY2N9X-B000001DTM-1320105600,3091106,Negative,0,4,1,0
A3LZGLA88K0LA0-B000001EEE-1339200000,3093275,Neutral,1,0,4,0
A3O90G1D7I5EGG-B0000025D3-963014400,3115340,Neutral,5,0,0,0
A1UXMT6XQFZLA1-B0000025EB-959126400,3115645,Neutral,2,0,3,0
A2BSG3625NL1EB-B0000029GC-1173916800,3127401,Neutral,4,1,0,0
A1LQGL3FO7XGV4-B000002H97-1127260800,3142800,Positive,2,1,2,0
AJMO5NI0FNMDQ-B000002JV1-1132963200,3154474,Neutral,3,0,1,1
A1M7668BFFQLZ0-B000002UUX-944438400,3189359,Positive,1,2,1,1
A2DVFHG099GUGE-B000006NAJ-1219622400,3238617,Neutral,5,0,0,0
A2VHY2CM5TABGB-B0000072TE-1027123200,3243371,Negative,0,5,0,0
A33KTYI1PWE2Q7-B00002SFM4-959817600,3332766,Neutral,2,0,3,0
A2WE24HCTKKM4X-B00004CMV1-1392768000,3354950,Negative,5,0,0,0
A20SBTF10OTOPI-B00004RCV5-1392940800,3367905,Positive,5,0,0,0
A19EP4WSG2XT17-B00004SD74-1156982400,3381391,Negative,0,4,1,0
A2LQJ8AF94F118-B00004T80S-1287532800,3392380,Neutral,4,0,0,1
AJKCDM0QLF8NT-B00004WA4C-1375488000,3412189,Negative,0,3,1,1
A2R6RA8FRBS608-B00004WJGN-1201046400,3415128,Neutral,0,4,1,0
A27CFNHYZG6WS8-B00004Z4SK-1020038400,3432442,Negative,0,4,1,0
A7UMFMFL47PU8-B00005111M-1336435200,3441754,Negative,0,3,1,1
A2QFDG9UD292I6-B000052Y6H-1267574400,3446054,Neutral,4,0,1,0
A1MIGC8A7WLY9N-B00005447X-997142400,3452707,Neutral,1,0,4,0
A2IW21X0N0IDQS-B00005BL29-990057600,3482119,Neutral,2,0,3,0
A3KDC5EZSA8AZJ-B00005JL98-1150070400,3495133,Neutral,4,0,1,0
A33AORCBPTUQ8X-B00005JLFT-1063238400,3496514,Neutral,3,0,2,0
A14V3ELR3N5QXB-B00005JOC9-1148169600,3511021,Neutral,0,1,2,2
A3LPOF1S0Z7FCL-B00005JSBA-1367366400,3518674,Negative,1,4,0,0
A1JEFPEBAHX27J-B00005MG0U-1210377600,3531963,Positive,2,0,3,0
ABCMKQDE4UZAO-B00005NSY0-1042502400,3544254,Neutral,0,5,0,0
A2BDEV3XR1NXSK-B00005OU5Y-1373155200,3552794,Positive,4,0,1,0
ARQ945F4OIWVI-B00005QVQU-1274745600,3560774,Positive,1,0,4,0
A3TFSMUES7WVUC-B00005R8BR-1010102400,3563904,Neutral,0,5,0,0
A3TUQYL9LWXQAK-B00005V3FA-1117065600,3577821,Negative,1,4,0,0
A1QPSL4QGETVH7-B00005Y1NF-1019520000,3580780,Neutral,2,0,3,0
AUNRM6W80QRXB-B000062XEC-1214784000,3588097,Neutral,1,2,2,0
A2N932LHI27WTC-B0000639EU-1189555200,3592691,Positive,4,0,1,0
AJZS49OL9SY0V-B000063SI0-1385510400,3595446,Neutral,0,4,1,0
A3HEQYG1OVJXIF-B000063Y86-1173484800,3598132,Negative,0,1,4,0
A5JLAU2ARJ0BO-B00006484F-1039651200,3601429,Negative,0,5,0,0
A2AOZQ3WTNVVOK-B00006675V-1130544000,3606790,Neutral,4,0,1,0
A1TVQPA46J1QHT-B000068CNO-1153180800,3616908,Negative,0,5,0,0
A7F250D2Y2NLV-B00006BTC7-1111968000,3631672,Positive,5,0,0,0
A1PTXXFDPXEHPZ-B00006IBS5-1309824000,3647040,Neutral,3,0,2,0
A2AXF1GDF22SQZ-B00006JYI7-1049328000,3665850,Neutral,3,0,2,0
A2TFE03ZV2ZQ69-B00006LLI5-1062892800,3669933,Neutral,0,5,0,0
A1TMG47HQF75AD-B000085BD8-1093824000,3700724,Negative,0,5,0,0
A3LRJ6YU6XL5P7-B00008CM6J-1359331200,3709591,Neutral,5,0,0,0
A32VYQZEAV8VGE-B00008EM7U-1168387200,3712312,Neutral,4,1,0,0
A2068RA1LQ4MMQ-B00008GKCL-1163030400,3713602,Negative,0,5,0,0
A2SRYHHUPBYJ9I-B00008KDGZ-1360627200,3718515,Positive,4,0,1,0
A3ERDIBXJ6MHA6-B00008NRQY-1105056000,3721615,Neutral,0,3,2,0
A1RXU1ZIX8DAP7-B00009KTWT-1078531200,3748089,Neutral,5,0,0,0
A1NIPSMPJVL4K0-B00009W3N1-1282608000,3763008,Neutral,4,0,1,0
A1B2PM177KWATS-B00009WCAP-1383782400,3763875,Positive,5,0,0,0
A5AVC2SRCMPUF-B0000APEI4-1086739200,3782413,Neutral,0,5,0,0
A541CPJNG9QAJ-B0000AV78B-1314748800,3788506,Positive,2,3,0,0
A3HR3M2BWBYIS9-B0000AYLJQ-1253232000,3791506,Positive,4,1,0,0
A2PFDXFPS3CK5X-B0000B16FY-1252454400,3793313,Negative,0,4,0,1
A3RV0VQKIM2HSW-B0000C4366-1071100800,3803029,Neutral,5,0,0,0
AWH2VEPUYNXMQ-B0000CFQJS-1332547200,3819790,Neutral,1,4,0,0
A1MSARPH08VX3I-B0000DF5U4-1101772800,3832132,Neutral,4,0,1,0
A3DJBK3OGI0UR2-B0000DIX20-1237507200,3835494,Neutral,2,1,2,0
A2MC1OXZ80QW4D-B0000EMYAY-1094428800,3844927,Neutral,2,2,1,0
A1LPT1NB3TSMDG-B0000TQGTA-1381968000,3849333,Neutral,0,0,5,0
A2Q5K1G3S8RLWX-B0000YEELW-1104796800,3863099,Negative,0,5,0,0
A2LGPUWPHS3HOH-B00018CZKE-1075766400,3889316,Negative,0,3,2,0
A3RA3PWBYQMLT6-B0001CXUDQ-1263600000,3899379,Negative,0,5,0,0
A8O13GJJDU01Z-B0001M0JL2-1118880000,3918626,Neutral,0,5,0,0
ALLR8RLF4U200-B0001XAQ7I-1098403200,3937921,Neutral,2,1,2,0
AY22F5T2G7JDU-B00023BN5G-1352073600,3960145,Neutral,0,3,1,1
A17MRB2O4NTF3-B000256QZQ-1227571200,3969764,Positive,0,0,5,0
A3BNT0RJQT8D7E-B000266VUU-1217635200,3972471,Neutral,0,2,1,2
A2DE87V5FJ1QX1-B00026L7PE-1148256000,3973247,Neutral,4,0,1,0
A36ZZIZXOH6R4K-B00029I1BO-1357430400,3984665,Negative,0,5,0,0
A2FQB5EAJCMYVW-B0002CHI3S-1390176000,3999500,Neutral,0,2,3,0
A1SSSPXXITYAH3-B0002DIQDS-1342742400,4006630,Neutral,0,5,0,0
A17NU1F6X3B5ZL-B0002DK7LC-1171756800,4008697,Negative,1,2,2,0
AD4QZUGLI9OSK-B0002E3CHC-1293840000,4012316,Neutral,0,3,2,0
A3KNP9Q90ZTMEU-B0002IKANW-1293753600,4029584,Negative,0,5,0,0
ARVXJQ2JBXDWX-B0002MQ9BA-1391990400,4050054,Neutral,5,0,0,0
A3JIJZB6MV69S0-B0002T58QA-1370822400,4064979,Neutral,1,2,2,0
A1NPNNO5F1FMCD-B0002U1TJY-1275523200,4068403,Positive,0,2,3,0
A2EEAVTWZ0VHCW-B0002VETJ0-1383091200,4074259,Negative,0,5,0,0
A197RLHUT2KZLC-B0002X590Q-1102291200,4079241,Neutral,5,0,0,0
AKHFY3VCNZL2W-B0002Z3NBG-1216684800,4091528,Neutral,0,4,1,0
A1WY5EI7SWQ8I2-B0002Z9TGO-1374537600,4092660,Positive,4,0,1,0
AM7G0NUUTCV8X-B000633VFC-1310601600,4111585,Negative,0,5,0,0
AZ7HIM13RBIAY-B00064AEJW-1118016000,4119339,Negative,0,5,0,0
A22V3I98JS37SE-B0006FSEOI-1265068800,4146296,Negative,0,5,0,0
A2PGNI5W89IP0Q-B0006I56LE-1202342400,4157129,Neutral,3,0,1,1
AQWGOZYG13X73-B0006LCQIC-1374451200,4163726,Neutral,5,0,0,0
A2CO7EC3A9BJSG-B0006SNLP2-1337212800,4174489,Neutral,0,2,3,0
A1GM5QG3LZGA97-B0006SPIZI-1124409600,4174542,Neutral,4,0,1,0
A2MBJ6H9ZDWZB7-B0006UL2IS-1210032000,4178801,Neutral,0,1,4,0
A3MDLLMB405XS3-B00070OWMU-1362873600,4185233,Positive,2,0,3,0
A8I54OGV2WNJT-B00077AA4W-1221350400,4191830,Neutral,5,0,0,0
AQ0EO10KTRJ4V-B0007GADZO-1109030400,4201654,Neutral,1,0,4,0
A1KP0IVWU0RQ0A-B0007LFQ92-1148342400,4209058,Negative,0,5,0,0
A2RW3683NIXKET-B0007V6PK6-1256169600,4237272,Negative,0,4,0,1
AF8TXZGW223MD-B0007WQH62-1131926400,4242337,Negative,0,5,0,0
A1R41M384P5RZ2-B0007Z9RB6-1206576000,4252394,Neutral,2,1,2,0
A3RM2O1W0NMCXX-B0007ZAZEO-1163462400,4252602,Neutral,5,0,0,0
A2F81CEQZ4V1Q4-B0009FGX0M-1146700800,4286438,Neutral,3,2,0,0
AEMEI8V9NN5L7-B0009IB6T2-1351468800,4292559,Negative,0,5,0,0
A2ZXUM6DSUMJW1-B0009IC8V2-1361318400,4292801,Neutral,5,0,0,0
A3V2C0CDX9MU6K-B0009JZSKO-1357862400,4298086,Neutral,1,2,1,1
A220GN2X2R47JE-B0009K77OI-1298073600,4298460,Positive,5,0,0,0
AQPNIV3VL2DMP-B0009VDBWY-1367798400,4324722,Neutral,0,1,4,0
AVR3F6VQYIMZW-B0009X7BEG-1126915200,4333101,Neutral,0,3,2,0
ANOB7V59N6EYU-B0009YWLCM-1362182400,4339740,Neutral,1,0,4,0
A3S7YNXRHJ1CG6-B000A0VOD2-1330646400,4343647,Negative,0,5,0,0
A1O0BQJ8GX1IZ-B000A5N4GW-1121040000,4353804,Neutral,5,0,0,0
A1DNYQG3BE1XLR-B000A6BD5K-1272844800,4354321,Neutral,0,1,4,0
A2IPEG01RP7X7-B000A76ZR0-1161561600,4356614,Neutral,5,0,0,0
A8ZOK4XR3Q2TV-B000AA301G-1177891200,4361277,Neutral,0,0,5,0
AXBC2RN6RBSJG-B000AC7P2Y-1150761600,4365565,Positive,0,0,0,5
A1481OJDXCM6I9-B000ALDXZ8-1177200000,4370596,Neutral,0,4,1,0
A1AH5QAQL7XAZW-B000ALENNY-1335052800,4370656,Neutral,2,0,3,0
A33ODUX6596NW3-B000ANCV1S-1356825600,4376362,Negative,0,5,0,0
A3I82Y6IWQHOMY-B000AP2ZNU-1133481600,4381598,Neutral,0,4,1,0
A2R1BKO3ORL4H2-B000AYHEXC-1183334400,4396344,Neutral,1,1,3,0
A2ATV6R1A6N4FG-B000B7MPLO-1290988800,4406584,Neutral,0,3,2,0
A3T55MJ78F1AQX-B000B9SODA-1350432000,4411620,Neutral,0,1,4,0
A20ZDV9ZEESN5K-B000BFNOT8-1274140800,4420739,Negative,0,5,0,0
A1IU54RC12X4CR-B000BKUZJU-1179014400,4431919,Neutral,0,0,5,0
A1KAERT0MPBZOO-B000BQL7CI-1243468800,4448543,Neutral,0,2,3,0
AZ2F3SZGBSABT-B000BQM01K-1199836800,4448780,Positive,0,4,1,0
A1A49SDY4T7FTW-B000BQNZM8-1286841600,4449355,Neutral,0,4,1,0
A17UJHFYB30FRY-B000BR7IOS-1384214400,4453630,Positive,4,0,1,0
A3LRIMW482IL1H-B000BU6HQA-1186876800,4460603,Neutral,1,0,4,0
A2HZR1YZ581U72-B000BY9A3I-1218240000,4469879,Neutral,0,5,0,0
A34EEYVNJT4PX4-B000BYM1GQ-1304380800,4471376,Neutral,0,5,0,0
A15P5VUCU43JF3-B000C17HKS-1242259200,4474780,Negative,0,5,0,0
A18QGYBBKNEGZD-B000C17PAA-1252713600,4474939,Negative,0,4,1,0
A1IAELX4KKV69U-B000CDHOJK-1205107200,4489213,Neutral,3,0,2,0
A2B73CL3QSYWLB-B000CEV3LY-1304035200,4491030,Positive,5,0,0,0
A1U546QFXT2ZRT-B000DT8D0C-1295827200,4514330,Positive,0,2,3,0
A1RWC3ZQZJCGCZ-B000EDK8XC-1161302400,4545550,Positive,0,5,0,0
A2G4ZXK12EX5A-B000EMW99Y-1142380800,4566282,Neutral,0,2,3,0
AOB13I1SL2P5-B000EORV8G-1207180800,4570226,Negative,0,4,0,1
A3JEXVIZ71BKME-B000EQQR48-1310342400,4576032,Neutral,2,0,3,0
A2LVI17XQ5EYQ0-B000ETXW8O-1185235200,4582506,Neutral,2,0,3,0
A2Q175NCU8VPO1-B000EVRBES-1352332800,4587205,Negative,0,5,0,0
A3NYEN6CJJGHSM-B000EY5F5C-1233273600,4593209,Neutral,1,3,1,0
A1ON4PKV7B1WJG-B000F4XFRG-1302739200,4608176,Neutral,0,5,0,0
A2WF1FWM1R2GC9-B000F6UJ5K-1381104000,4612623,Neutral,3,0,2,0
A223395STT81FS-B000F9SO0O-1152576000,4620450,Neutral,3,1,1,0
A3P5M5U8HSQP5R-B000FK9X94-1374278400,4656740,Positive,1,0,4,0
A16WIRUVZXO8YG-B000FL2DMC-1162684800,4660240,Neutral,0,5,0,0
A1YNMV1KELDXWP-B000FLLTLS-1392768000,4661491,Neutral,0,4,1,0
A2S99YOF6F1G4Q-B000FTCLT4-1192147200,4677349,Negative,0,4,0,1
AED68AKJQT9W9-B000GF7ZRA-1244505600,4715644,Positive,3,2,0,0
A2DSFUF1A8HO56-B000GQGWCS-1350518400,4738292,Neutral,0,5,0,0
A3LNOQLG2NMI2D-B000GWL92U-1322438400,4746938,Neutral,0,5,0,0
ARC5W43JT9CR7-B000H0MKGA-1203120000,4751933,Neutral,1,0,4,0
A2809U2S14N0K1-B000H0MKO2-1192406400,4752219,Positive,4,0,0,1
ACYYFKLSNDXKQ-B000H5WKLK-1358726400,4761114,Neutral,3,0,2,0
A124NHAKY7ZRFV-B000H7LVKY-1355097600,4766003,Neutral,0,4,1,0
AYVO1B9O2UHS9-B000HCO8HW-1170892800,4775367,Neutral,1,3,1,0
A1SYO7R07CID5Y-B000HE8F8I-1357344000,4780372,Positive,2,0,3,0
A329X9O7EH1M6U-B000HHM20M-1403827200,4785804,Neutral,0,5,0,0
A1HD82NOGE3U6H-B000HM6A82-1349827200,4794724,Neutral,3,0,2,0
A38DMY5G9VLD50-B000HS8RVY-1308528000,4798873,Positive,3,1,1,0
AOWFKM8B8S7Z8-B000I1M838-1368576000,4809600,Positive,5,0,0,0
A3FUFO0Z5G5P0Y-B000I1X6PM-1390176000,4811136,Negative,2,2,0,1
AT8U3G8DXHOD4-B000I62PEK-1222300800,4820137,Neutral,4,0,1,0
A1LMRNG9MTZ5ON-B000I6BMPS-1385510400,4821230,Neutral,3,0,2,0
A1DRO9EAVWSNWR-B000IKK0OI-1357862400,4835489,Negative,0,5,0,0
A1GHH9C74L9F80-B000IUPND6-1224547200,4842014,Negative,0,5,0,0
AJA77RGW7I81O-B000IY03DM-1173139200,4844674,Negative,0,3,1,1
AFEKEVS0365HF-B000J1CNQO-1341100800,4850314,Positive,3,0,2,0
A33Q6RU335S2IQ-B000JD3AIW-1173830400,4859942,Neutral,0,5,0,0
A2ZBPCAO56YPOX-B000K2S9FQ-1257811200,4884312,Negative,0,5,0,0
A2R67RE5LYJA06-B000K2S9FQ-1390521600,4884314,Neutral,0,0,4,1
AGTGPRWXBYYBV-B000K3GBGY-1285804800,4884985,Neutral,0,5,0,0
A1TR1WPZMKVNPG-B000K53UEI-1284595200,4885717,Negative,0,5,0,0
A2XJARDJNVXBOJ-B000K5IZUW-1295568000,4885763,Negative,1,4,0,0
A1EMM483L7SXPY-B000KHYONC-1173312000,4899059,Neutral,4,0,1,0
AW2PR6QE5U05U-B000KISUVI-1360713600,4900930,Neutral,0,4,1,0
A15ASTBZBU7AXD-B000KTWAWC-1309046400,4912771,Negative,0,5,0,0
A3R3XVZ69WWWAG-B000LPOUNW-1382918400,4933668,Neutral,3,2,0,0
A1Q1L4TJFW7MP-B000LPOUNW-1377129600,4933721,Negative,5,0,0,0
A1TUN02TQ35XRG-B000LXHJDM-1216598400,4942857,Negative,0,3,2,0
A166PIB0QY7DO4-B000M0UC2Y-1313280000,4945709,Neutral,0,4,1,0
A2SIZ6I50SWVBO-B000M3ILF6-1197331200,4947931,Positive,5,0,0,0
A1FIRVWQSHQEXD-B000M85KOQ-1225152000,4951758,Neutral,4,0,1,0
AQ1CAQJIJMR0V-B000MCELG0-1332028800,4956263,Neutral,0,2,3,0
AC4Z1ESFAVGNH-B000MDZKUU-1357171200,4959749,Positive,5,0,0,0
ATJDQ137MA426-B000ME2YWG-1191715200,4959948,Neutral,0,2,3,0
A32GIC89W2G275-B000MRT2I2-1359504000,4976059,Negative,0,5,0,0
A3TKW69M00XSHC-B000MVFQ7E-1353715200,4981441,Neutral,0,0,1,4
A388YVX2G4EF04-B000N9CPQK-1313539200,4999320,Negative,0,5,0,0
A3WOZRUNGNH8G-B000NDME6C-1307145600,5006267,Neutral,1,0,1,3
A2M516ZQIU1BAS-B000NV878S-1372636800,5030615,Neutral,0,2,1,2
AU9AW29JO9C29-B000NW12JI-1189555200,5033586,Negative,0,4,1,0
A34RREM7D9GN05-B000NWYKQA-1198713600,5034914,Negative,0,5,0,0
A1R8DKWEUW31UG-B000NZKHKU-1327536000,5036519,Neutral,1,0,4,0
ATX3YMM4W3DU1-B000O19L14-1249430400,5038711,Neutral,1,2,2,0
A2OOKMGFKVHBDZ-B000O7PN06-1319932800,5045119,Positive,0,0,5,0
A2J11B6RNCYZIF-B000OOWZUK-1267920000,5060041,Neutral,0,5,0,0
A3AW05VYWC3LX8-B000OP9QKG-1264982400,5060589,Neutral,1,1,3,0
A4835AYNZGI5F-B000OTZ2FK-1258588800,5065234,Neutral,3,0,2,0
A565MTHCNHUUY-B000OUY3FE-1347580800,5066114,Neutral,0,5,0,0
A3P3572OJKWCAN-B000OW7R46-1326412800,5068133,Neutral,0,4,1,0
AI7UGG4SPZTIJ-B000P0QTYQ-1391385600,5073515,Positive,5,0,0,0
A1MXMTV3MX1OHK-B000P8QP7E-1245628800,5084127,Negative,0,4,1,0
A1VVHGL6LBUW8R-B000PRMCJU-1305849600,5101987,Negative,0,5,0,0
ALRODA4I2H7J9-B000PTYS4A-1193961600,5104679,Negative,0,4,1,0
A2C7ACKX66LTJ8-B000PUBA7M-1195257600,5105164,Negative,0,3,2,0
A2KH6GDDQ97EW7-B000PW98WO-1371686400,5106057,Neutral,0,2,3,0
A261DLTFH7M2C9-B000QTZOBK-1330905600,5130940,Negative,0,5,0,0
A18RQKQH80CTUX-B000RO7H3W-1259884800,5160171,Neutral,5,0,0,0
A13EWADIC0C7MF-B000RY2PLQ-1186272000,5166732,Neutral,1,1,3,0
A1NPJPR54MEZ9Q-B000SAOF5S-1362009600,5177585,Negative,0,1,4,0
A1JX3SKACPQCTQ-B000SFJ4K4-1395705600,5180535,Neutral,5,0,0,0
A1SQHYX1T7BWLS-B000SMVYTG-1240012800,5185194,Neutral,5,0,0,0
A1ZBEYZG6LW0GT-B000SSTYRO-1354406400,5191112,Negative,0,4,1,0
A21JUDFFUI588Q-B000TFB30M-1328140800,5201573,Negative,0,1,2,2
A1GBML3S1GH765-B000TYKWMI-1375056000,5216147,Negative,0,5,0,0
A24NS0WA26HVNJ-B000UUFR12-1198108800,5241366,Negative,0,5,0,0
A1AMPGEFN9R9CT-B000VKN1XM-1382486400,5278532,Negative,0,5,0,0
A2AW25VZ4ZQFB0-B000VTRKOY-1325721600,5289367,Neutral,0,5,0,0
A3QLGH68K08LKM-B000VWAFRA-1358640000,5293018,Positive,4,0,1,0
A31B67RIH2EDVV-B000W1SU9A-1354838400,5301141,Negative,0,5,0,0
A2F3SXHT6RBV81-B000WLYDNM-1215648000,5325117,Neutral,3,0,1,1
AUUT2548FS80U-B000WOSAVA-1203120000,5328645,Neutral,4,0,1,0
A1RKY6QL7SFX5K-B000WOV7WO-1323734400,5328975,Neutral,0,1,4,0
A15U5UOOCUL5C9-B000X22AF8-1396915200,5341454,Negative,0,5,0,0
A30ZT7Q3S0GYM1-B000XTMFOC-1212624000,5359732,Positive,2,0,3,0
A3AB2Z6EI3K9BW-B000Y84914-1219881600,5366527,Positive,0,4,1,0
A2BYYFGBZHELAF-B000Z3U1P6-1243209600,5384638,Negative,0,0,5,0
AX9CY06UST4EI-B001185XUW-1330905600,5422521,Neutral,1,0,4,0
A1I3NLO5OEIEJY-B0011Z44KA-1212883200,5434474,Neutral,0,5,0,0
AB896MWEZ7K6U-B0012FO1MK-1364342400,5448523,Positive,5,0,0,0
A2TKM1UFHSTM8R-B0012IJYZ6-1245024000,5450786,Positive,2,2,0,1
A3IL0EZPH4MWGY-B0012NA81A-1285200000,5455964,Neutral,5,0,0,0
A1HCXA8VCW1TCK-B00132Q9M2-1398124800,5470234,Negative,0,5,0,0
A28LPVAD2Z4HO0-B00133WML8-1354924800,5471376,Negative,0,5,0,0
AGMUDLWTBHQ9R-B00133X1V8-1293667200,5471419,Neutral,1,0,4,0
AVBLGXSWRN666-B0013FW8XS-1258588800,5485125,Neutral,3,0,2,0
A3AE07TVSW05QA-B00152PEB2-1371254400,5531933,Neutral,0,5,0,0
A3NFZIKCQMNO47-B00155XYIO-1309305600,5535336,Negative,0,5,0,0
AOYQ42YW6F6MJ-B0015AM26E-1399939200,5539218,Negative,0,5,0,0
A3HFA497LX7BW3-B0015C3UB8-1294444800,5540853,Negative,0,4,1,0
AW0LMP5W21GCC-B0015DYMVO-1386201600,5542702,Negative,0,5,0,0
A22PBHIVBPXSJC-B0015G89SS-1359590400,5543916,Negative,0,5,0,0
A2GP6XJ1V3MM3L-B0016B9FSU-1362009600,5573832,Positive,4,0,1,0
AU5IGGDYQ83VY-B0016BF9SU-1386547200,5574064,Negative,0,5,0,0
A2EM8JSHG0NXVX-B0016GLZQ0-1239235200,5577512,Neutral,4,0,1,0
A3N904R1KY70NU-B0016KL0M0-1249171200,5580568,Negative,0,5,0,0
A8G82RWQADDDO-B00172V6XK-1229385600,5592625,Neutral,5,0,0,0
A2LZMYO7ESWLGS-B0017JUXZK-1324944000,5604598,Neutral,1,0,4,0
A36FOFCOAT2PL3-B0018CD0JC-1353801600,5627377,Positive,5,0,0,0
A1684T1CJTIX08-B0018LQVIA-1368316800,5633896,Positive,5,0,0,0
A2VXV3J083771A-B0018Q7K2Q-1383609600,5639117,Positive,5,0,0,0
A228U7NY59JV7L-B00190J6X2-1294444800,5645271,Neutral,0,4,1,0
A2HLOPDEGOLY9M-B0019EHU8G-1404345600,5655906,Neutral,0,5,0,0
A2H81X0O7QW2IB-B0019M7WEK-1398297600,5663428,Neutral,0,5,0,0
A3DXDS8NSGTJ3W-B0019QU5P4-1332547200,5665766,Neutral,0,5,0,0
A14ERGI8IHMCWP-B0019T25QI-1359936000,5667475,Positive,4,0,0,1
A2S9GGJRUAG85B-B001AQPVC0-1304640000,5692617,Positive,4,0,1,0
A1BH9DTTB885GC-B001ASJIRM-1226361600,5695919,Positive,5,0,0,0
A35VI0H5AFHOJ5-B001BCVY8I-1228608000,5718582,Neutral,0,3,2,0
A6C0UCLCB1ESE-B001BOACMU-1372118400,5725195,Negative,0,5,0,0
ATTSIJGRYV3R-B001BQ5UCA-1336953600,5726689,Neutral,0,3,0,2
A3TK5GE9FI2ONJ-B001BZ8EX8-1231459200,5733187,Neutral,1,0,4,0
AZCOTN09OQM1A-B001BZK8S2-1340841600,5733740,Neutral,1,0,4,0
AVYG4J6M7BA1G-B001CCSNX6-1358467200,5743286,Positive,2,0,3,0
A2D5D3AYD2HXFB-B001CSZTFK-1323907200,5760484,Neutral,0,1,4,0
A1RGF9EVE67HG1-B001CZCYBU-1287014400,5765797,Neutral,1,0,4,0
A2WVF9ZQ068DN0-B001D4KIUY-1311033600,5771574,Neutral,3,0,2,0
A15FUBE3U8O15D-B001D5DQJI-1231200000,5771995,Positive,0,2,3,0
A3QHTL8Z1GMY93-B001DEF7QY-1249948800,5778816,Negative,0,5,0,0
A2ALSJXJ6B6967-B001DHJE1A-1275350400,5781398,Positive,5,0,0,0
ANY5MFFCF2YC5-B001DPHDCE-1293062400,5789496,Positive,2,2,0,1
A1RP4AW7P1XY18-B001DTNC4S-1287532800,5792595,Neutral,0,5,0,0
A3T1WLMQVFRMDC-B001E5E0Y2-1400025600,5806103,Negative,0,5,0,0
AUDE57HNDDNXK-B001ELL4WC-1228089600,5825072,Positive,5,0,0,0
AN1K7LC331CJ2-B001EN14CA-1310169600,5826365,Neutral,0,2,3,0
A1H19RTFFL6QIX-B001EPN3AY-1311292800,5831646,Neutral,1,0,4,0
A3HSM3B5PD0C4J-B001EQ57JS-1358035200,5835244,Negative,0,4,1,0
AWTE5SDWPRCFB-B001F04T8I-1317686400,5848871,Positive,5,0,0,0
A22LY6EIY0NQ4O-B001FOJ76S-1226966400,5870813,Neutral,3,0,2,0
A2MPAYT39QSQI-B001FORJE0-1348358400,5871589,Negative,0,5,0,0
A1LK4N4ADC6P3U-B001FVWGW8-1263168000,5874758,Neutral,5,0,0,0
A2VGLAMPPWCTJS-B001FX58BM-1345680000,5877520,Positive,3,0,2,0
AUVGANUNACC10-B001G0MATM-1295222400,5879338,Neutral,4,0,1,0
A1HLJJ6MKZLR3Z-B001G8Y96G-1397001600,5891168,Neutral,2,0,3,0
A8Z050NRRUSV1-B001GNTLGY-1355702400,5903496,Neutral,0,5,0,0
A24RBBKUFWZ0GB-B001HAYP2Q-1296259200,5918064,Positive,5,0,0,0
A39OFW36XIXCNL-B001IKS116-1368835200,5937807,Positive,3,0,2,0
A3AF9MWLAK7HS6-B001J1QQMK-1383177600,5943877,Negative,0,4,1,0
A1C4X193GBJO6G-B001J34TZ4-1381190400,5944683,Negative,0,5,0,0
A1DVHMVC9G4F7N-B001JGECT4-1369180800,5950031,Neutral,1,0,4,0
AQURAC1TN83M4-B001JT5JVQ-1353283200,5955950,Positive,4,0,1,0
A2ME2ZPTV3LPZQ-B001KUWGHE-1386201600,5967428,Negative,0,4,1,0
A3QEELGDP2MM3W-B001KVZU94-1374451200,5968832,Neutral,2,0,3,0
AUO1Y79JIDTBR-B001KYXVVA-1357516800,5973499,Negative,0,5,0,0
A2YZNC6FT76WRF-B001L7OIVI-1374624000,5979390,Positive,3,1,1,0
AZX9KTWF78T55-B001L9MQK6-1360368000,5980492,Positive,0,3,2,0
A8NIZAIRT4EF7-B001MJT6IA-1357862400,6000115,Neutral,5,0,0,0
A34D0MZMFB4L7M-B001N2MUD4-1236643200,6009446,Positive,0,5,0,0
A2BZL1U8BHNASH-B001NC8HQS-1383609600,6012487,Neutral,5,0,0,0
A1MKMBIVEPT2AW-B001OEEKU2-1363219200,6031974,Neutral,4,0,1,0
A1578Q2INOZ4HR-B001P06Q48-1244073600,6039807,Neutral,1,0,4,0
A670DJ33MHRCC-B001PKTFM8-1308182400,6051296,Positive,1,0,4,0
A49U28TZLOLYS-B001PQPQ7K-1321920000,6056298,Neutral,0,1,4,0
A2SR8ZPX7G1YY5-B001R21OS2-1291334400,6078829,Positive,1,2,2,0
A2WYGKCS5V42J7-B001RMUOKG-1357257600,6087766,Neutral,0,5,0,0
A3PFZZYU7NT8QV-B001RNAOXM-1349740800,6088043,Neutral,0,0,5,0
A4JQHMXA9537Z-B001RTEQ62-1282003200,6091006,Negative,1,1,3,0
A31ZLF4MROSB46-B001TEKHC2-1240185600,6111167,Neutral,5,0,0,0
A1QYZJSXZ13V0C-B001TK3ACA-1270252800,6115857,Neutral,0,5,0,0
AO7CHBB2N8SOE-B001TP4RRC-1252368000,6120583,Neutral,0,5,0,0
AOYT6UPBXNIRL-B001UEBN42-1294444800,6135345,Neutral,0,5,0,0
A24HJWXL3LHULM-B001VEUSXS-1289865600,6153760,Neutral,1,0,4,0
A3B69D2Y5OKF6U-B001VPJYYQ-1242950400,6158883,Neutral,5,0,0,0
A44DKOVDXBSNS-B001W1TZTS-1370131200,6160890,Neutral,0,0,5,0
A37XQ1R7WFPXXP-B001XCXAYW-1350259200,6167354,Neutral,1,2,2,0
ANK76360Q8YU2-B001YUW5W6-1329523200,6172265,Neutral,0,5,0,0
A15ODWFESE5LCI-B00204AA0O-1245715200,6174625,Neutral,0,0,5,0
A3O4DF8FERY24R-B0024WT5XK-1364774400,6194912,Positive,3,0,2,0
AYZXS7D2249I2-B0026A7GRM-1370476800,6206881,Negative,0,5,0,0
A12Y8ROIQKCO5V-B0026BD2GK-1247788800,6207104,Negative,5,0,0,0
A3AXBEJ60X8P5V-B0026FCI48-1303776000,6207779,Neutral,0,5,0,0
A1KQBTFF3LO35K-B0027U33VE-1350086400,6231354,Neutral,0,1,4,0
A193X4MV43Z6WY-B00280QJFU-1268352000,6235072,Neutral,0,5,0,0
A3C1KXKBITOR8G-B0028ZDJN0-1378339200,6248350,Neutral,5,0,0,0
A191QDEDZ0FMIQ-B00296QV1K-1264982400,6250899,Negative,0,4,0,1
A5P5FSFAAX0FT-B002AIESZ8-1330300800,6266096,Neutral,5,0,0,0
A33LJOB2M50S2M-B002AQHLEU-1347321600,6269870,Neutral,0,1,4,0
A1597WUGBAFDTV-B002BDU7BG-1296086400,6277610,Neutral,0,5,0,0
A32XQF33A9310C-B002BH4N12-1247961600,6279539,Neutral,0,0,5,0
A3CY3LID6I5VFT-B002BIRRM8-1384387200,6280157,Neutral,0,0,5,0
A2WVEBX3GQY7BL-B002BL4YG2-1394755200,6280635,Negative,0,5,0,0
A3G5MOHY1U635N-B002CD5OEK-1313884800,6294389,Negative,0,5,0,0
A3QUY5QP5L283S-B002DR2TZM-1187827200,6311695,Neutral,0,0,5,0
A2OIH38HJGG633-B002DUDEQC-1359417600,6313014,Neutral,0,3,2,0
A2GFACUGPKLZJQ-B002F07RA4-1391817600,6328209,Positive,3,0,2,0
A1ZG4UM8XQJUHR-B002FG9N78-1283126400,6331531,Neutral,5,0,0,0
A3QAQUUPFIARWB-B002FLZKAM-1253923200,6333534,Neutral,2,1,1,1
A9BVHFGX28SNZ-B002HJF6WO-1266019200,6357563,Neutral,4,0,1,0
A8GQ2QR0EAZ6K-B002HJV4DE-1258416000,6357684,Positive,0,0,5,0
A2FD0N9BA4RQLK-B002HWRY7G-1270598400,6364082,Neutral,0,4,1,0
A2I9HGYUMH5H4Y-B002I0K5W8-1332374400,6370850,Positive,0,2,3,0
A1ZXMMQPYC3Z9I-B002JSS2NS-1291248000,6395893,Neutral,3,0,2,0
AY8WZDYR79GFV-B002LMV7QG-1274140800,6422828,Negative,0,4,0,1
A2TLQDN13KKCOD-B002MY53WC-1357344000,6441032,Positive,1,0,4,0
A2DTVCN9SNNJL-B002NNQ15K-1372204800,6451469,Neutral,1,0,4,0
A2IHUWLW2XL282-B002OEBTCI-1303516800,6461264,Neutral,1,3,1,0
A2U1QP2AU0INEK-B002OKSL8W-1374624000,6463832,Neutral,0,2,3,0
A1I36JRQD7C6US-B002OL1ZAM-1355529600,6464072,Negative,0,1,2,2
A3AVO5RFUBELNE-B002OOPCFS-1256515200,6465922,Positive,2,0,3,0
A3AEPP8CTJBXIU-B002OX0AS8-1354320000,6469200,Neutral,0,0,3,2
A16T8A7AG2D047-B002OYD0YI-1382745600,6469417,Neutral,0,3,2,0
A2F8TRB3I7N2SY-B002RBXHSC-1404432000,6502016,Neutral,1,1,3,0
A2O1PNNEOM3QXV-B002RS6J9E-1380585600,6508718,Neutral,0,5,0,0
A34BZM6S9L7QI4-B002SHCEVG-1402531200,6520554,Positive,5,0,0,0
A3DYKR0ZJ7UAIY-B002SR8XSO-1352764800,6524018,Neutral,3,1,1,0
A12G9TOF36KKQQ-B002TUSK0G-1388620800,6537836,Positive,5,0,0,0
A6CDLI7R98V7B-B002U0KC2E-1366588800,6540411,Positive,3,2,0,0
ACN2YPT9OUDLA-B002V919OO-1368316800,6556633,Neutral,4,0,1,0
A1PBGUWTOJ2IFM-B002VED4MY-1336953600,6560410,Neutral,0,5,0,0
A3QJXD9JGP3WL2-B002WC7RKA-1261267200,6573619,Neutral,0,1,4,0
API1LY7R7S0AJ-B002WJHEKG-1318896000,6577197,Neutral,0,2,3,0
A2TSF7MRSU29WJ-B002XITC5G-1289433600,6587493,Negative,1,2,2,0
A1N41NSN7BWOA2-B002XITC5G-1379808000,6587503,Neutral,3,0,2,0
A13Y3IVX4HTNE-B002Y2B920-1319414400,6595442,Negative,1,1,3,0
A2NQXRF3ECLHQJ-B002YKBJ8Q-1369612800,6602929,Positive,5,0,0,0
A14NEC2E805CUG-B002YLV3PY-1353110400,6603831,Neutral,0,5,0,0
A31VP8LQCQ1HUT-B002ZG97WE-1318636800,6614252,Neutral,4,0,1,0
A1TKJ3L7FMZ01Y-B002ZRPQ5K-1277683200,6620794,Neutral,2,1,2,0
A24Y40O49Y553M-B00305H9U6-1387584000,6624873,Negative,2,0,3,0
A190T7P3KX6E36-B0030BG1IG-1305504000,6627602,Neutral,0,3,2,0
A3DOZ4OEZLP1DK-B0030DISUI-1353628800,6629804,Positive,5,0,0,0
A2JJTN8KZ47E10-B0030VBPN2-1270080000,6638224,Positive,5,0,0,0
A1JHMIRSOIMP8O-B00315CWXE-1353024000,6641900,Positive,5,0,0,0
ALGN4LQF5COGS-B0031OOHB0-1391385600,6648053,Positive,3,0,2,0
ASJ9ZWDQ2T5OL-B0032BOIH0-1336348800,6656260,Negative,0,5,0,0
A3OIM8HNE1UYSS-B00353DE0W-1371859200,6687137,Neutral,1,2,2,0
A2OW3M7HI31YV5-B00354B480-1297728000,6687459,Neutral,2,0,3,0
A29SPRWA9PR41V-B0035E63WM-1379203200,6690689,Neutral,0,4,1,0
A37UW75VP9BVLE-B0036OQU4C-1378684800,6710885,Neutral,0,5,0,0
AB60E7EH7W16M-B0036TB4C0-1302566400,6713886,Neutral,0,4,1,0
A28OS9JADNW18M-B0036WT1V8-1325894400,6717392,Negative,1,1,3,0
A2BKPJ1LUNXUNE-B0036WTBFY-1299024000,6718176,Negative,4,1,0,0
A2M7P27GIXZH72-B0038A8XRQ-1291075200,6739413,Neutral,0,5,0,0
A1J7ZJAV4B8G6R-B0038KR8WM-1282608000,6743675,Neutral,0,3,2,0
A25LUSA08E06MT-B0038M2CXA-1291334400,6744998,Positive,5,0,0,0
A1P5VHEH3GT27H-B0039R4N40-1393113600,6760309,Negative,0,0,5,0
A105LFG3MT4N23-B003A2IDMC-1374710400,6765980,Neutral,0,5,0,0
A3J7R74WAM4WGS-B003A7LDXS-1317945600,6767226,Negative,0,4,1,0
A24KEB190HHNFJ-B003AYEHGQ-1391644800,6776627,Positive,5,0,0,0
A1FPADRQJ3F1L3-B003B4EQRA-1304985600,6780250,Neutral,4,0,1,0
AZKE1Z81WERW-B003CJTQJC-1323043200,6801206,Neutral,2,0,3,0
A1G1OHGNPKK97X-B003CT4KI4-1301270400,6806168,Neutral,0,5,0,0
A1P1P1DQ0EKYDX-B003CV7TZ8-1270252800,6807211,Neutral,0,1,4,0
A1HYS9XFM5RZZ-B003D03E6Q-1370044800,6808747,Negative,0,5,0,0
A2HU5M0D8ZGD62-B003DA555Y-1385769600,6812973,Negative,0,5,0,0
A17D1DC6UMGIHG-B003DW5MKU-1356480000,6820628,Negative,0,3,2,0
A320XGXW16WIKA-B003DZ165W-1307750400,6822168,Neutral,3,1,1,0
A2EPZPDV5WQ9AA-B003FGWA8G-1384819200,6843831,Neutral,1,0,4,0
A17WCM5NQXCER2-B003FNQ28I-1392508800,6846173,Neutral,0,0,5,0
A1VX0O6QKSYY0S-B003GDKMVK-1391299200,6855014,Neutral,0,1,4,0
A1YGXJKWUD3D4X-B003HPQDYC-1358467200,6867875,Neutral,3,0,2,0
A2CVVWZ6LERPQ4-B003IRPRD2-1327536000,6877502,Neutral,1,0,4,0
AMWNTY67D2W5C-B003IVZNJQ-1374624000,6879768,Neutral,0,4,1,0
ARKPCYO9CGDFH-B003KI7GD8-1353801600,6893963,Negative,0,2,2,1
A1RDHJ4ZTLA3RF-B003KYSLMC-1293494400,6898298,Neutral,4,0,1,0
A2ZW28O49C9GSG-B003LUDNIM-1372809600,6910465,Negative,2,1,2,0
A545PBFPK6X2Q-B003MULNRY-1289347200,6921196,Neutral,0,0,5,0
A29ZDMSE8AXUDC-B003NAP8GU-1374796800,6926805,Negative,0,5,0,0
AFC9TTDR0SYS7-B003NRWKBY-1353369600,6930616,Neutral,4,1,0,0
A2GXW5N0WO3C7A-B003NX7LZS-1310256000,6933334,Neutral,0,4,1,0
A2A1ZQMSPAX5B7-B003OYFDX8-1324944000,6946675,Neutral,0,3,2,0
AHUS4Z4J0BL1P-B003P9WUAG-1341792000,6950865,Negative,1,4,0,0
A3ATY76HN613DJ-B003Q6D246-1329091200,6957713,Neutral,5,0,0,0
A2BNSD19Y3W94V-B003Q6D2B4-1298851200,6957890,Positive,5,0,0,0
AS8LPXDQKEZKN-B003SLIEHE-1385769600,6977988,Neutral,0,2,1,2
A2KPPF5IPEDWXG-B003SX0P1A-1329350400,6981295,Positive,2,0,3,0
AE2P5J74UCZMV-B003T1CJRE-1391212800,6982682,Negative,0,4,1,0
A37CIS0N08MZIB-B003TA799S-1353801600,6983753,Neutral,0,5,0,0
A2RPA58ZQ0JRY1-B003UKKHB4-1355788800,7008870,Neutral,0,3,2,0
A3T9F0WX400NPW-B003VKLACI-1290124800,7025396,Neutral,1,0,4,0
A36W8KHPZLM4HF-B003YCUDVW-1376265600,7073036,Neutral,0,5,0,0
A8E3XBHSD40Y5-B003YJ5L2Q-1325894400,7077040,Neutral,0,5,0,0
A1RQI9MA6XAW0X-B003YJAZZE-1380067200,7077807,Negative,0,5,0,0
A3AW9FM2OZR2II-B003YVXF0O-1387929600,7083671,Negative,0,5,0,0
AJDKP2E2GZT3T-B003ZS1JFE-1358121600,7094581,Neutral,0,3,2,0
A13LBUKMROPRG2-B003ZUXL9E-1380067200,7098668,Negative,0,2,3,0
ANUNXRU5FRTAV-B00404FTTY-1374192000,7105776,Positive,0,0,2,3
A3IZUMRAWR2Q0G-B0040FT30O-1306972800,7111531,Neutral,0,5,0,0
A3D3MF8FLFYVYX-B0040J0Q92-1350518400,7113687,Neutral,0,4,1,0
AKQRXNB7QQAC6-B0040LU3Y8-1318032000,7114879,Neutral,2,0,3,0
A33XDCEF1I3BG8-B0041GC0XE-1338768000,7128584,Neutral,0,3,2,0
A21Y3PAVFPOLB5-B0041HXXZC-1347321600,7129404,Neutral,5,0,0,0
A3I2QKHHO6ZT2Y-B0041I76H2-1319155200,7129592,Negative,0,5,0,0
A10TPIJJSW4QLU-B0043TU7X4-1360454400,7172748,Positive,0,2,3,0
A2YVBHI3XLX5D7-B0044WFR6C-1331078400,7186885,Neutral,2,0,3,0
A1UKWF9HSXB6PA-B0045UBA2I-1293321600,7200736,Positive,4,0,1,0
AZZRBWCZF6FQE-B0045X7H9A-1313280000,7202602,Negative,0,5,0,0
A1KUU2JVSYWVRS-B0047E0EII-1335225600,7225646,Positive,1,2,2,0
AJJAC2OAI0I7D-B00492CIC8-1324598400,7242407,Neutral,1,2,2,0
A16LX9SWAQK545-B004A83B40-1327708800,7256757,Neutral,3,0,2,0
A4QYHKWW8ICPC-B004AQ591K-1396224000,7264843,Negative,0,5,0,0
AKEXQHAKMXGD9-B004BOH6BM-1366416000,7276539,Positive,5,0,0,0
A1AHS3XKJEWRGB-B004C07AV6-1364428800,7280016,Positive,0,1,4,0
A10GLVITSITGSA-B004DM4KDY-1304035200,7302845,Negative,0,5,0,0
AN1SXX9OGHJSU-B004E2VR52-1361145600,7308310,Positive,5,0,0,0
A2G7EB4FVOM1NY-B004EFG4BG-1376438400,7312960,Neutral,0,5,0,0
A1290EX5H149SG-B004ELSDZK-1388966400,7315534,Positive,5,0,0,0
A10SG99PCMACWZ-B004EPYZT4-1322352000,7316895,Negative,1,4,0,0
A2VJTSDAT2X914-B004F9QBE6-1346112000,7322568,Negative,0,4,0,1
A335M3Z83IXCPX-B004FKFFRE-1354060800,7326284,Neutral,5,0,0,0
ALBYN6ZDZCXZ5-B004FM2EL2-1297728000,7327577,Negative,0,3,1,1
A5JZNVV4TEAWU-B004GHNIUM-1295913600,7343911,Neutral,3,0,2,0
A31V303E0E0QAW-B004H3QBOA-1311206400,7355849,Negative,0,4,1,0
A3NRD6JHJN8708-B004HSKM04-1368489600,7370171,Positive,5,0,0,0
A9RT2SGUMREO9-B004J8P9SC-1369612800,7398102,Positive,3,0,2,0
A36L2I86PAUDB1-B004KED7RU-1386633600,7414027,Positive,2,2,0,1
A3N9DHV4M390PB-B004KT7YM4-1365379200,7419076,Negative,0,4,0,1
A26E9BVQ6BDUVO-B004LP6PGI-1367366400,7432102,Neutral,2,0,0,3
A1WCBO3YDY4M6R-B004MDM8T2-1381017600,7447228,Negative,0,5,0,0
A1L9YDO0SCWOVI-B004NIVX24-1331596800,7465937,Neutral,0,3,2,0
A3VBU6G0XXXS7G-B004OT7PQU-1306454400,7484850,Negative,0,5,0,0
AGH06IPU444B4-B004PTI1CQ-1376006400,7498209,Negative,0,5,0,0
AXGXIOPN3HYI0-B004Q0306Q-1338768000,7500758,Neutral,0,5,0,0
A1F550G4K4THNO-B004QOB8PW-1389657600,7514570,Neutral,1,1,3,0
A10P3LST3PHEZK-B004QZBTPA-1376438400,7519294,Neutral,0,2,3,0
A3SDDMEUMCN858-B004R8RGDK-1365724800,7523296,Neutral,0,5,0,0
A3BW0OJ86T0B6U-B004RDSISC-1252454400,7526150,Negative,0,1,4,0
A2WFSNMFEWPLH6-B004RQ011Q-1367107200,7531483,Neutral,0,5,0,0
A2EGOXLCCIA16Q-B004SBULWE-1363219200,7541025,Neutral,1,0,3,1
AM2IR1V5EU55U-B004TPKAN4-1319846400,7564273,Negative,0,5,0,0
A1UAGQRQCPCMLB-B004U7GI6Y-1372032000,7571502,Negative,0,5,0,0
A3TT5KA7NG9WK2-B004UC9NDO-1384387200,7574981,Neutral,3,0,2,0
A2ID3QJON0EZB8-B004V9F61O-1311724800,7590717,Negative,0,5,0,0
ADNS4QSFZOW6B-B004VBEHYO-1380931200,7592074,Positive,5,0,0,0
A3EYSO2G1CPYQ4-B004VMAC8I-1333324800,7597799,Neutral,2,3,0,0
A1CWE28BRV6JP0-B004X4DRZO-1312416000,7620242,Positive,4,0,1,0
A2TWROVVQ3NYKG-B004XIWRW4-1375660800,7627383,Positive,4,0,1,0
AOPTLDQWQN12J-B004YEHEPM-1329091200,7641244,Neutral,0,3,2,0
A3H34ZQRN1HVRQ-B0050Q4YBK-1371513600,7674765,Positive,0,3,2,0
ATTM47OMFI2F7-B0052PMSU8-1399507200,7709098,Neutral,0,5,0,0
A3PYUA40IF43IX-B0055193D4-1317600000,7737419,Negative,0,5,0,0
A1LK0BL3FYLOUP-B00551DJBQ-1362009600,7737542,Positive,5,0,0,0
A31K676LD5F62Z-B0055EQ30M-1336953600,7743245,Positive,4,0,0,1
A1OYPDAGC6DUNJ-B0055IK0VQ-1364515200,7744348,Neutral,2,0,0,3
A3QJY0RCZPPRTR-B0055OEPNO-1376352000,7745944,Neutral,1,0,4,0
AMWUXPROKSBO9-B0055SWM08-1366848000,7749186,Neutral,0,5,0,0
ANXI2NTPAP4GE-B0057GUFEI-1353456000,7764557,Neutral,5,0,0,0
A3T77H0I0LGEUG-B0058UUR6E-1381363200,7781584,Positive,4,0,1,0
A3R9VZ3HQAUDYZ-B005AQOL5E-1318982400,7796785,Neutral,0,4,1,0
A17OAUWYLK5M9F-B005CMI4W2-1356652800,7816605,Negative,0,5,0,0
A24XP66OVD9Q4-B005D5M12W-1327968000,7823885,Neutral,0,0,4,1
A1WUZFCOGG2N5D-B005DKIID8-1324080000,7830466,Neutral,0,5,0,0
A1U5GOA7KGRSJK-B005E1KR2Q-1353456000,7839038,Neutral,4,0,1,0
A2KMB7455OG1BA-B005EY26DG-1377993600,7849359,Neutral,0,0,5,0
A2KQHTZ4LQ5IWU-B005F22F7O-1357862400,7850916,Positive,5,0,0,0
A30L3TAQECARMP-B005FF6SJW-1371168000,7855432,Neutral,0,0,5,0
A1XDBCF1AH8PYI-B005FVNGRI-1322697600,7864215,Neutral,1,4,0,0
AIVPWYHWQCP24-B005I6YJW6-1373587200,7900749,Negative,0,5,0,0
A5N7PUP1GVKV4-B005JL2PGC-1325462400,7917510,Neutral,0,3,2,0
A1M5VD4OVIZ2LB-B005KG44V0-1363046400,7927091,Negative,0,5,0,0
A2L6W6EKP970ZW-B005LAII7G-1379376000,7939893,Positive,5,0,0,0
A1MMHAL1JNY9EN-B005LFXBJG-1375920000,7944776,Neutral,5,0,0,0
A14PEBC049DKXH-B005OSHTXO-1338422400,7982439,Negative,0,4,1,0
APUOWITTVFT2W-B005OUNCAQ-1392681600,7983861,Neutral,0,3,2,0
A2F0MX3FT66GL1-B005QAIVZK-1366156800,7995662,Neutral,5,0,0,0
A1FLVA5DIOR6C0-B005QXX0MG-1359331200,8001607,Positive,5,0,0,0
AFCGWCR9JMZ35-B005RI51EU-1375920000,8003887,Negative,0,5,0,0
A21BDIQSB3LEUY-B005S4MTMA-1387929600,8006418,Neutral,0,5,0,0
A1SX2X2RRSX3M4-B005SE9K8Q-1349654400,8008832,Negative,0,5,0,0
A25W8AK3G4LUWW-B005TI7LD2-1347926400,8017660,Positive,5,0,0,0
A17OLP7YTEQFP9-B005V1N71W-1359072000,8030539,Neutral,0,5,0,0
A8DPI7AQT55CI-B005VDV992-1350864000,8033320,Neutral,0,0,5,0
A1E78NSCD6IPIP-B005Y5891S-1358380800,8051482,Negative,0,0,5,0
A2WE09I8SXQW0Y-B0060LA9SG-1339632000,8068291,Negative,0,5,0,0
A2CBAS64JDTLD8-B0062A6YW0-1374969600,8076627,Neutral,1,4,0,0
A19CJRC89NKYXO-B0064ION50-1346198400,8092179,Neutral,3,0,2,0
A37G1FZ9JOEDOF-B0064YXAZS-1359331200,8097555,Neutral,4,0,1,0
A2IHNCVB8H5EF7-B006BUVOZ8-1383523200,8128345,Positive,3,0,2,0
A2R48RST5WW31B-B006C6JC6O-1380758400,8129900,Neutral,4,0,1,0
AOMNIW7OW64MG-B006FYNVYW-1355961600,8142331,Positive,0,1,4,0
A2DHKD2YI2B17A-B006H0RD20-1326153600,8149946,Positive,4,0,1,0
A20KKVU3CC9KJ6-B006IF13UC-1386201600,8156740,Positive,3,1,1,0
A3JEV0O34AEQ76-B006M2U1Y0-1351987200,8177110,Negative,0,5,0,0
A1P5UMW4Q2MVE8-B006NMY0MS-1389398400,8185145,Neutral,5,0,0,0
A23BS90GTA9DX9-B006OO7OJ6-1360972800,8192456,Positive,5,0,0,0
A28HVL8ZZJEH21-B006OP1FMM-1378598400,8193047,Neutral,0,2,3,0
A20NT34T9L4EOB-B006OSN9AU-1351468800,8194177,Positive,3,1,1,0
A3NBHYYTA1PQJF-B006P1QWOQ-1331164800,8195977,Neutral,0,1,4,0
A15P9YADQNH6BN-B006T89X9Q-1367884800,8216851,Negative,0,5,0,0
A2HCDE5IVEMJT7-B006UVX4RO-1348531200,8225779,Positive,5,0,0,0
A1IY04M89YDT17-B006ZR8VS0-1372377600,8252893,Negative,2,0,3,0
ACKMWH0GBRTHE-B006ZVV0P2-1364601600,8254563,Neutral,1,0,4,0
ANQUIWRI6DNMM-B00710M16S-1360368000,8260920,Neutral,0,5,0,0
AAXMCIV6Q7M7P-B007136ATE-1389744000,8261394,Neutral,2,0,3,0
AO5TLVDN2I3IY-B0071J94RS-1362614400,8265009,Neutral,0,5,0,0
A2XIVCFN2LTVCS-B0071N5VYE-1382572800,8265773,Neutral,1,4,0,0
AG69X4AA3B23R-B0072289CA-1368230400,8267934,Positive,2,0,3,0
A3FH27VV4EX94M-B007263A02-1392681600,8268999,Neutral,0,5,0,0
A20MVQCB90LKCH-B0072KNFW6-1398384000,8272186,Negative,2,3,0,0
A27NRES1GRT85B-B00749RC9C-1359504000,8285557,Neutral,0,2,3,0
AB0971OBVOP8S-B0077TWZCS-1396483200,8320436,Neutral,0,3,1,1
ALKTLX9E6P4FL-B007A3PESI-1356134400,8332890,Positive,5,0,0,0
AEL8BRA8T60D9-B007BG9X3Q-1339372800,8341549,Negative,0,3,2,0
A3AB7MNLVZ8RBL-B007CW2C46-1368489600,8351960,Neutral,1,0,4,0
A3JVNAX1K945XP-B007EHWDTS-1386979200,8358318,Negative,0,4,0,1
A2RI2906M3N0N8-B007FXL9TQ-1357603200,8367734,Neutral,5,0,0,0
A1NP5D3ASHNBBG-B007G3V92M-1361491200,8368770,Positive,3,0,2,0
A3UVVSF5V56KAZ-B007GC1N6K-1361750400,8370217,Neutral,0,5,0,0
A14WZN46II38U6-B007HTV5MY-1379721600,8379067,Neutral,1,0,4,0
AOG2AAWF92MZ0-B007IWHLZA-1385510400,8386639,Positive,5,0,0,0
A1XLXLHWPEVJ75-B007NCEJ6Y-1376179200,8416165,Neutral,5,0,0,0
A33S7VAGMH9GN7-B007O2B1VY-1332806400,8420745,Negative,1,0,0,4
A3EA4SBWVEA88L-B007QJD6R2-1389139200,8443432,Neutral,0,0,5,0
A2TNANK10XY440-B007RNYU2C-1390867200,8453895,Positive,5,0,0,0
A3NESZUVU8697Q-B007T36S34-1390348800,8466408,Neutral,0,4,1,0
A24Q5HHASFMJ4Z-B007UWPJFC-1367971200,8481762,Neutral,1,4,0,0
A35PDOVL606XUW-B007VCRRNS-1357689600,8485287,Negative,0,3,2,0
A7NDR999YTJ7N-B007VIWVCO-1352246400,8487449,Neutral,4,0,1,0
AU0N7P62C9GAE-B007WTAJTO-1393286400,8497401,Neutral,0,5,0,0
A3LAA0I9CPWO6S-B007XDVFCY-1380585600,8501762,Positive,5,0,0,0
A1I6R6RUWUSM27-B007ZTKNRY-1336176000,8518708,Positive,3,0,2,0
A2XHKHNWP2T99H-B007ZU23GC-1375056000,8518879,Negative,0,5,0,0
A1B9YMZ9YHWNYZ-B0080IR4MQ-1372464000,8523892,Negative,0,5,0,0
A78IRYLJ793US-B00816ZX9S-1337644800,8527517,Neutral,5,0,0,0
A2664PIY0Y0K92-B0083C1ZAG-1339977600,8547432,Negative,1,4,0,0
A1YMWBX5YPDDFO-B00844JNE8-1392940800,8555593,Positive,5,0,0,0
A21B1FG3QU2DSU-B00846F1YW-1360368000,8556371,Positive,5,0,0,0
AE3611Y4WRKO9-B0084DWAQW-1377907200,8559578,Neutral,0,0,5,0
A1CQV3MR4J87U5-B00851LRUS-1389312000,8564543,Negative,0,5,0,0
A3DSJ77JR2XV1N-B00851MQNA-1337904000,8564634,Positive,2,0,1,2
A14SMPKVVKL7OC-B00871KN2E-1346889600,8582582,Neutral,0,0,5,0
ARTP5H8KGP0XH-B0087AX8SQ-1350518400,8584573,Neutral,2,0,2,1
AEJECKXX6LC71-B0087U3XA4-1357603200,8591174,Positive,4,0,1,0
A3UHCGYJ739Z77-B0088PZTBO-1382400000,8600106,Positive,5,0,0,0
A1Z4GSZH4M7BHI-B00892M3W4-1391990400,8603311,Neutral,0,4,1,0
AHSSHK7X6I1ID-B008A0GNA8-1399852800,8613406,Neutral,0,3,2,0
A3742GMPACRBTE-B008ABBBD6-1346889600,8615587,Positive,3,0,2,0
A3B597118O9WA1-B008CNZ8KY-1384560000,8637546,Neutral,2,0,3,0
A2YFVBH39EPU58-B008DCVUPQ-1380931200,8643888,Neutral,0,5,0,0
A38CP7VHVAAV98-B008DJIIG8-1378425600,8645247,Negative,0,5,0,0
A39QRKUHBQO257-B008FC4WA4-1372204800,8658464,Negative,1,4,0,0
A13KWW61P2MNL1-B008FJJ66C-1367798400,8660104,Positive,5,0,0,0
ASQCD1DFUI6U6-B008HCKN0K-1377648000,8674558,Neutral,2,0,2,1
A1497S8PIE636X-B008ISKDL2-1392163200,8684119,Neutral,0,2,3,0
A3KOCE65G7XFOC-B008JJN7QI-1359676800,8694771,Neutral,0,4,1,0
A3PL5988R1R82H-B008K9SG9K-1373414400,8699232,Neutral,0,3,2,0
ASGMXZEMGUN9S-B008KP4MQU-1381363200,8702182,Neutral,3,0,2,0
A32EMFAF7MIZ7K-B008LYS37Y-1377907200,8712010,Negative,0,5,0,0
A2PW94R4H7RD76-B008NPC5G6-1393632000,8727059,Neutral,0,0,1,4
ASMG8QSTRFFGN-B008O7EOEE-1349568000,8730000,Positive,1,1,3,0
A21XODPLTOX3HH-B008THTWIW-1383523200,8764715,Neutral,4,0,1,0
A1QBHRD9ER2NKB-B008V1QHD4-1373760000,8773975,Negative,0,5,0,0
A31070FECKCEH8-B008V33XC0-1357516800,8774093,Neutral,3,0,2,0
A279JGV3RZ1YOK-B008VS8R1W-1392681600,8778081,Negative,0,4,0,1
A36XZUYN4WXIX-B008X1HHVS-1358035200,8782620,Negative,0,3,2,0
A3POLM6P7Y6Z85-B008Y40DQU-1356307200,8790199,Negative,1,3,1,0
A3JZV00SVBTWRY-B00918L02E-1354320000,8810571,Neutral,5,0,0,0
A255U6B6AXIY9Q-B00931DHKM-1381190400,8823983,Neutral,4,0,1,0
A1CO5MA5B93LGP-B0093G5I9K-1357084800,8827506,Negative,0,5,0,0
AS0K3AD05YWBS-B00968D8ZG-1376524800,8846013,Positive,0,4,1,0
A2BK673ABJ09NO-B0096TKR04-1371859200,8850480,Neutral,0,5,0,0
A2TCN01MVCPI5H-B0097M9OEA-1382140800,8858183,Neutral,0,5,0,0
AXGRCJ9777O3Y-B0098VVOGG-1402099200,8864504,Negative,5,0,0,0
A3RHNMC444OVZN-B00992CF6W-1375315200,8866660,Neutral,0,3,1,1
A2V3C7KJDRBYN9-B00992CF6W-1382140800,8866892,Positive,0,5,0,0
A281NPSIMI1C2R-B009EB6VV8-1349827200,8896112,Neutral,4,0,1,0
A256S2LUNT1PUN-B009L16ZBM-1385424000,8928268,Neutral,0,0,5,0
ASTHY8OFAEINM-B009L33QQM-1367020800,8928575,Neutral,0,4,0,1
A2MFOMH4CJBS7C-B009N1IE96-1372377600,8940796,Neutral,0,5,0,0
AW2Z9LIEJMO5R-B009PCQOFE-1372809600,8954157,Neutral,3,0,2,0
AQKH50DR6OF3A-B009PH58YW-1392595200,8954681,Neutral,0,1,4,0
A2XQ2O1CUPCBWZ-B009T4YK68-1357948800,8974216,Neutral,0,5,0,0
A23S1YJKGCQTZ6-B009TCCTSQ-1388102400,8975540,Neutral,4,1,0,0
A3IF2SM5VNKTGX-B009UX2YAC-1386374400,8981073,Positive,5,0,0,0
A1HXU5NZREE9J1-B009WQL34U-1373068800,8991041,Neutral,0,2,3,0
A281VR5J0X7HXD-B009ZASKHQ-1355616000,9003937,Neutral,1,0,4,0
A22S0ZBB15AW66-B009ZL0L2M-1374364800,9005927,Neutral,0,5,0,0
A2KQT4D0OZR569-B00A0IW49W-1365897600,9010608,Neutral,2,0,3,0
A30HZEHLS2F9FI-B00A25SXN4-1361836800,9016751,Neutral,0,4,1,0
A3PN9UHNFMNLS4-B00A3DLHK6-1387670400,9022949,Negative,0,5,0,0
A62SZF20T724D-B00A6O1BTE-1375056000,9036421,Neutral,4,0,0,1
AOL0W1DYL8LUT-B00A7W29BE-1370390400,9043104,Neutral,0,0,5,0
A1X52AW2MYS6G5-B00A8D05TA-1375401600,9045343,Positive,0,1,4,0
A13RFIHPFZV2XW-B00A8ECU24-1382918400,9045803,Neutral,0,3,2,0
A25SUIZZZJTW1Y-B00A8K4L84-1389571200,9046604,Neutral,5,0,0,0
A1P0ELONFG555X-B00ACLQXXA-1387411200,9066070,Negative,0,5,0,0
AVI1A40KHM3YH-B00AEEDRFM-1393891200,9072203,Positive,5,0,0,0
A3PI027LKHKQ83-B00AF6B22E-1361145600,9076571,Negative,0,5,0,0
A3CPGORQ1NRH58-B00AF6MF9I-1396396800,9076807,Neutral,3,0,2,0
A259DQUHXWCIX0-B00AG9X0R0-1356480000,9082313,Neutral,5,0,0,0
A3NI12Z2AC2PK3-B00AIBZFDI-1371168000,9089623,Neutral,0,5,0,0
AWIUXTVW9LWVI-B00AIUUXHC-1363046400,9091551,Neutral,0,4,1,0
A2UPWP3DZAVSJU-B00AK2VZOI-1366588800,9096260,Neutral,0,3,2,0
A1J1J4G30VQCRP-B00AMEFZ72-1388534400,9104878,Neutral,4,0,1,0
A1M3CSHV1X9PAS-B00APIN7U2-1399334400,9120928,Neutral,1,1,3,0
A3QEL9VUDZAQND-B00AQ81JZG-1360800000,9125424,Negative,5,0,0,0
A26IRKVX8WEV34-B00AQPZM7U-1371600000,9128748,Negative,0,5,0,0
A4CDU5RRKXA6W-B00AR5FJNQ-1401408000,9131501,Negative,0,1,4,0
A1GADN1KXIF3U2-B00ASE9COS-1358812800,9137348,Neutral,5,0,0,0
A8E91RYNL2QJW-B00AW17VYK-1366070400,9153661,Negative,0,5,0,0
A3EBW6SKKU9ZMK-B00AYN2E0W-1386633600,9168601,Negative,0,5,0,0
A27XGKKRK46KM6-B00B0FYHUI-1370736000,9177460,Neutral,2,0,3,0
A1EOZJWHRAX5WO-B00B0O18NI-1379808000,9178788,Neutral,1,2,2,0
A2TLTXF3V57QBH-B00B45SZSO-1367971200,9195617,Positive,1,0,4,0
A2V8E9E5UIO1LO-B00B5H5BGA-1387756800,9202981,Neutral,5,0,0,0
A2M96MHI0QB0FY-B00B76Z7FO-1382745600,9210012,Negative,0,5,0,0
A1A1C3QIR7GAUX-B00B89X0CW-1369699200,9216296,Positive,0,3,1,1
A3KWJW4RCFHVAN-B00BBOE0RI-1374883200,9230484,Positive,4,0,1,0
A2D0U2KMG07G95-B00BDQ3B4W-1383091200,9240033,Negative,0,5,0,0
A2LRC3KNK2VZA4-B00BGGDVOO-1375488000,9257409,Positive,5,0,0,0
A3AEEGKB162TBN-B00BHBBSZ2-1373846400,9262035,Neutral,4,0,1,0
A28EZVGVWMQ071-B00BTX4THM-1365379200,9315212,Neutral,0,2,3,0
AKKQGGIXS7JBG-B00BW6LW7G-1394150400,9323701,Neutral,0,3,2,0
A2CBARREGJQ5S3-B00BWBHIUG-1374624000,9324717,Negative,1,0,4,0
A3NBMYYEGGYJOP-B00C061HZY-1369094400,9337789,Positive,4,0,1,0
A1IRK4YTBQSULK-B00C1CGZT0-1401062400,9341085,Negative,0,5,0,0
A8VPSMKAB9SDF-B00C1PZ5ES-1374710400,9342138,Positive,5,0,0,0
A36P4J5XAK2FG2-B00C1Z0LPG-1374192000,9342687,Negative,0,4,1,0
A3V7JQUU5J1GRS-B00C2U5560-1387411200,9345796,Neutral,1,0,4,0
A139FHPAB8SWVE-B00C4X3P2G-1366502400,9351783,Neutral,1,0,4,0
A2KWE2ZM1EEBGJ-B00C58ZRPS-1379462400,9352931,Neutral,2,0,3,0
A2SUZ859J0Y9M9-B00CA4372M-1373846400,9369179,Neutral,5,0,0,0
A3RWDG3H1IUAD9-B00CAFPF26-1393718400,9370648,Neutral,0,1,4,0
ADL1XON0FZTZ8-B00CTUKN2Y-1392595200,9451365,Neutral,0,5,0,0
A2J6FJTMRRGHHP-B00CWR3A10-1376092800,9458860,Neutral,0,5,0,0
ARHH5SOGAXKER-B00CXTLRXK-1383350400,9463884,Negative,2,3,0,0
AWB3W2BRUXYL4-B00CYSA6FK-1383696000,9467000,Neutral,0,3,2,0
AMGNZ94OLLUMU-B00D3KK5OK-1386547200,9479211,Neutral,5,0,0,0
AR2KOU12MUG7Q-B00D5Q75RC-1385769600,9486272,Positive,5,0,0,0
A1DFBF528RL1N0-B00D74DVKM-1388966400,9491091,Positive,5,0,0,0
A22X4UK3E0EWWR-B00DBTNRZM-1397001600,9502136,Neutral,0,5,0,0
A1GILL006Y8FJH-B00DDW5A3Y-1378252800,9508150,Neutral,0,2,3,0
A2BPWKO046K2VW-B00DDYQCFW-1382313600,9508530,Neutral,0,5,0,0
A3MSYZRUD0TEJ5-B00DGLCV1Q-1374364800,9515594,Neutral,0,5,0,0
A20ZLL6C960B5B-B00DIGAFOO-1386806400,9520921,Neutral,0,3,2,0
A4K2L2Z4DMSID-B00DR0PDNE-1394150400,9548019,Negative,0,4,0,1
A1L2TYCZGI7L0K-B00DVMTQ4K-1388880000,9564530,Negative,0,5,0,0
ASYM7A3FSQ6Y4-B00DZSOC62-1374105600,9574957,Positive,4,0,1,0
A33L902R8WFZSX-B00E00JTA8-1375660800,9575962,Negative,0,5,0,0
AMCDMIDCNJZZA-B00E1XMMBC-1383177600,9581805,Negative,0,4,1,0
A27YFDRB36UOTI-B00E3W15P0-1382227200,9586577,Negative,0,4,1,0
A29TKSIWA3JKF3-B00E44EZUE-1379808000,9587362,Positive,2,1,2,0
A2F84CMUH5RGTG-B00E6D6LQY-1392508800,9594460,Positive,2,0,3,0
AERJ2CAI61CN1-B00ESMW284-1391731200,9648154,Neutral,3,0,2,0
A29P5C7T976IF4-B00ESNKDHA-1399593600,9648390,Neutral,0,5,0,0
A3TR9UNLC08A30-B00ESUOMFW-1375747200,9648998,Positive,5,0,0,0
A16FTM46J219D6-B00ET9T2WK-1380153600,9650586,Neutral,1,0,3,1
A3N4ZB12AWX3IL-B00F4HIBAA-1403049600,9679594,Neutral,0,1,4,0
A18AJ9Z5XHOH8C-B00F56AZK4-1392681600,9681099,Neutral,0,5,0,0
A1NRCVKNPWL3WT-B00FAPF5U0-1383523200,9694281,Neutral,1,0,4,0
A3EATNWK2XYO8Z-B00FFRJCUW-1390867200,9707418,Negative,0,3,2,0
A2OCN5Z5Y8E8XJ-B00FIL6S7U-1384387200,9712658,Neutral,4,0,1,0
A3TMVFNVVULH41-B00FK4N1E8-1395878400,9716845,Positive,5,0,0,0
AIU968VCI76YX-B00FKAJMMC-1397865600,9717457,Positive,5,0,0,0
A2ZC80XQNPSWDS-B00FOAAPG0-1387324800,9725149,Positive,5,0,0,0
A2VK4GX6XMM0NZ-B00FP43TZY-1392940800,9726650,Neutral,0,5,0,0
A2FSWRQWH03FBR-B00GPULY5Y-1400544000,9790200,Negative,1,3,1,0
AGGSBE6BX7JV-B00GTWGBBK-1398038400,9798478,Neutral,5,0,0,0
A2HTGTST2HG0G1-B00H7LINKE-1397347200,9821972,Negative,0,4,1,0
A22L6KDBD4IN5H-B00H947GWK-1389571200,9825583,Positive,5,0,0,0
A3MEI1LZOS2Y4U-B00HIHMYWK-1391990400,9843330,Neutral,5,0,0,0
A19GJX6TTSK0C0-B00I15YGBU-1402012800,9872980,Neutral,0,1,4,0
A37VS9SE89HPCD-B00I55577I-1397260800,9880675,Positive,5,0,0,0
A2ZY3S7SD3QO8Z-B00IBIH4LQ-1396483200,9889428,Neutral,2,0,3,0
A2OBDNQ5ZYU1L8-B00IL7B2YM-1401667200,9904608,Neutral,4,0,1,0
A1EC1C5ZDSIQHD-B00IO4KTXW-1400112000,9908241,Neutral,0,5,0,0
A13BVAWAR86MTM-B00IV5QHYO-1401667200,9917505,Neutral,4,0,1,0
AGSB67JBNGAPU-B00JCB8VRM-1396310400,9936139,Neutral,5,0,0,0
ACKH8FUP6FM1P-B00JEHH4XG-1397952000,9938659,Negative,0,4,1,0
A213X447GUUI0F-B00JZHE3N4-1402444800,9957864,Positive,3,1,1,0
A24UT584TQ8WAU-B00K7571CS-1400889600,9964543,Positive,5,0,0,0
A43HWE3HJ1YJG-B00KHYEGT0-1403049600,9974239,Negative,0,5,0,0